Workbook

Sheet MaxLFQ_Intensities_processed
A1: Protein.Group | B1: Protein.Names | C1: Genes | D1: max_PG.Q.val | E1: max_pep | F1: max_proteotypic_pep | G1: max_shared_pep | H1: max_digested_peptides | I1: ATG18_2_1 | J1: ATG18_2_2 | K1: ATG18_2_3 | L1: ATG18_3_1 | M1: ATG18_3_2 | N1: ATG18_3_3 | O1: ATG18_4_1 | P1: ATG18_4_2 | Q1: ATG18_4_3 | R1: ATG18_5_1 | S1: ATG18_5_2 | T1: ATG18_5_3 | U1: B11_3_1 | V1: B11_3_2 | W1: B11_3_3 | X1: B11_4_1 | Y1: B11_4_2 | Z1: B11_4_3 | AA1: B11_5_1 | AB1: B11_5_2 | AC1: B11_5_3 | AD1: Sparklines | AE1: TTEST ATG18 vs B11 | AF1: RANK ATG18 vs B11 | AG1: LOG2_RATIO ATG18 vs B11 | AH1: No of replicates ATG18 vs B11 | AI1: BH ADJ ATG18 vs B11 | AJ1: SIGNIFICANT BH ATG18 vs B11 | AK1: SIGNIFICANT BH LOG2 Filter ATG18 vs B11 | AL1: ATG18 sum | AM1: B11 sum | AN1: ATG18 percentage | AO1: B11 percentage | AP1: FC | AQ1: log2FC | AR1: p-value -LogFC | AT1: log * log
A2: C6KTE2 | B2: C6KTE2_PLAF7 | C2: PF3D7_0630700 | D2: 0.014190317 | E2: 4 | F2: 4 | G2: 0 | H2: 107 | I2: 1547.6488 | J2: 2127.1147 | K2: 1654.5514 | L2: 746.1438 | M2: 1032.197 | N2: 1119.5284 | O2: 1265.2539 | P2: 1573.5155 | Q2: 1283.6354 | R2: 1227.1829 | S2: 1690.077 | T2: 1271.6576 | AE2: 0 | AF2: 1 | AG2: 13.750507 | AH2: 12 | AI2: 0 | AJ2: 0 | AK2: sig. enriched in ATG18 | AL2: =SUM(I2:T2) -> 16538.506 | AM2: =SUM(U2:AC2) -> 0 | AN2: =AL2/#REF!*100 -> #REF! | AO2: =AM2/#REF!*100 -> #REF! | AP2: =AN2/AO2 -> #REF! | AQ2: =LOG(AP2,2) -> #REF! | AR2: =-LOG(AE2,10) -> #NUM! | AT2: =-LOG(AE2, 10)*AG2 -> #NUM!
A3: Q8I347 | B3: Q8I347_PLAF7 | C3: PF3D7_0910500 | D3: 0.054697722 | E3: 2 | F3: 2 | G3: 0 | H3: 266 | I3: 986.90692 | J3: 2214.3635 | K3: 907.39264 | L3: 833.92487 | M3: 600.62268 | N3: 696.68597 | O3: 1936.5459 | P3: 2222.7166 | Q3: 1301.3213 | R3: 1920.045 | S3: 1913.1294 | T3: 1261.9792 | AE3: 0 | AF3: 1 | AG3: 13.772764 | AH3: 12 | AI3: 0 | AJ3: 0 | AK3: sig. enriched in ATG18 | AL3: =SUM(I3:T3) -> 16795.634 | AM3: =SUM(U3:AC3) -> 0 | AN3: =AL3/#REF!*100 -> #REF! | AO3: =AM3/#REF!*100 -> #REF! | AP3: =AN3/AO3 -> #REF! | AQ3: =LOG(AP3,2) -> #REF! | AR3: =-LOG(AE3,10) -> #NUM! | AT3: =-LOG(AE3, 10)*AG3 -> #NUM!
A4: Q8I3G4 | B4: Q8I3G4_PLAF7 | C4: PF3D7_0530400 | D4: 0.015013536 | E4: 3 | F4: 3 | G4: 0 | H4: 227 | I4: 1184.8727 | J4: 858.31842 | K4: 1239.3157 | L4: 783.27789 | M4: 1112.8248 | N4: 427.06732 | O4: 2453.6196 | P4: 1271.2858 | Q4: 3277.1448 | R4: 915.88593 | S4: 2618.0811 | T4: 1773.1058 | AE4: 0 | AF4: 1 | AG4: 13.86583 | AH4: 12 | AI4: 0 | AJ4: 0 | AK4: sig. enriched in ATG18 | AL4: =SUM(I4:T4) -> 17914.8 | AM4: =SUM(U4:AC4) -> 0 | AN4: =AL4/#REF!*100 -> #REF! | AO4: =AM4/#REF!*100 -> #REF! | AP4: =AN4/AO4 -> #REF! | AQ4: =LOG(AP4,2) -> #REF! | AR4: =-LOG(AE4,10) -> #NUM! | AT4: =-LOG(AE4, 10)*AG4 -> #NUM!
A5: Q8IJD9 | B5: Q8IJD9_PLAF7 | C5: PF3D7_1026200 | D5: 0.047084004 | E5: 2 | F5: 2 | G5: 0 | H5: 89 | I5: 1292.2228 | J5: 1080.2239 | K5: 1020.7233 | N5: 867.99994 | O5: 2175.6841 | Q5: 1613.9073 | R5: 1689.021 | S5: 3290.1335 | T5: 1192.4362 | AE5: 0 | AF5: 1 | AG5: 13.947876 | AH5: 9 | AI5: 0 | AJ5: 0 | AK5: sig. enriched in ATG18 | AL5: =SUM(I5:T5) -> 14222.352 | AM5: =SUM(U5:AC5) -> 0 | AN5: =AL5/#REF!*100 -> #REF! | AO5: =AM5/#REF!*100 -> #REF! | AP5: =AN5/AO5 -> #REF! | AQ5: =LOG(AP5,2) -> #REF! | AR5: =-LOG(AE5,10) -> #NUM! | AT5: =-LOG(AE5, 10)*AG5 -> #NUM!
A6: Q25811 | B6: Q25811_PLAF7 | C6: rps17 | D6: 0.05550307 | E6: 2 | F6: 2 | G6: 0 | H6: 15 | I6: 1308.813 | J6: 1198.819 | K6: 1103.3928 | L6: 435.11072 | M6: 0 | O6: 1550.369 | P6: 1998.1327 | Q6: 1565.3162 | R6: 1888.2422 | S6: 2282.4612 | T6: 2472.3455 | AE6: 0 | AF6: 1 | AG6: 13.947911 | AH6: 10 | AI6: 0 | AJ6: 0 | AK6: sig. enriched in ATG18 | AL6: =SUM(I6:T6) -> 15803.002 | AM6: =SUM(U6:AC6) -> 0 | AN6: =AL6/#REF!*100 -> #REF! | AO6: =AM6/#REF!*100 -> #REF! | AP6: =AN6/AO6 -> #REF! | AQ6: =LOG(AP6,2) -> #REF! | AR6: =-LOG(AE6,10) -> #NUM! | AT6: =-LOG(AE6, 10)*AG6 -> #NUM!
A7: Q9U0H4 | B7: Q9U0H4_PLAF7 | C7: PF3D7_0411400 | D7: 0.081559435 | E7: 3 | F7: 3 | G7: 0 | H7: 201 | I7: 1342.274 | J7: 2176.0674 | K7: 1500.8392 | L7: 1204.3801 | M7: 2275.3589 | N7: 1571.042 | O7: 0 | P7: 0 | Q7: 0 | R7: 1166.2814 | S7: 1899.0734 | T7: 1241.9327 | AE7: 0 | AF7: 1 | AG7: 13.963503 | AH7: 9 | AI7: 0 | AJ7: 0 | AK7: sig. enriched in ATG18 | AL7: =SUM(I7:T7) -> 14377.249 | AM7: =SUM(U7:AC7) -> 0 | AN7: =AL7/#REF!*100 -> #REF! | AO7: =AM7/#REF!*100 -> #REF! | AP7: =AN7/AO7 -> #REF! | AQ7: =LOG(AP7,2) -> #REF! | AR7: =-LOG(AE7,10) -> #NUM! | AT7: =-LOG(AE7, 10)*AG7 -> #NUM!
A8: Q8IL99 | B8: Q8IL99_PLAF7 | C8: PF3D7_1436700 | D8: 0.018161805 | E8: 4 | F8: 4 | G8: 0 | H8: 133 | I8: 1483.6587 | J8: 1727.1826 | K8: 1550.845 | M8: 455.57941 | O8: 1400.51 | P8: 1378.5566 | Q8: 1716.5544 | R8: 3232.3154 | S8: 1919.9175 | T8: 1424.254 | AE8: 0 | AF8: 1 | AG8: 13.991644 | AH8: 10 | AI8: 0 | AJ8: 0 | AK8: sig. enriched in ATG18 | AL8: =SUM(I8:T8) -> 16289.374 | AM8: =SUM(U8:AC8) -> 0 | AN8: =AL8/#REF!*100 -> #REF! | AO8: =AM8/#REF!*100 -> #REF! | AP8: =AN8/AO8 -> #REF! | AQ8: =LOG(AP8,2) -> #REF! | AR8: =-LOG(AE8,10) -> #NUM! | AT8: =-LOG(AE8, 10)*AG8 -> #NUM!
A9: A0A5K1K9F2 | B9: A0A5K1K9F2_PLAF7 | C9: PF3D7_1333900 | D9: 0.027517887 | E9: 3 | F9: 3 | G9: 0 | H9: 186 | J9: 2643.3743 | K9: 826.39972 | L9: 894.60089 | M9: 1073.2865 | O9: 2289.0942 | P9: 1979.7184 | Q9: 2033.535 | R9: 2351.2324 | S9: 2185.9666 | T9: 2128.2642 | AE9: 0 | AF9: 1 | AG9: 14.167847 | AH9: 10 | AI9: 0 | AJ9: 0 | AK9: sig. enriched in ATG18 | AL9: =SUM(I9:T9) -> 18405.472 | AM9: =SUM(U9:AC9) -> 0 | AN9: =AL9/#REF!*100 -> #REF! | AO9: =AM9/#REF!*100 -> #REF! | AP9: =AN9/AO9 -> #REF! | AQ9: =LOG(AP9,2) -> #REF! | AR9: =-LOG(AE9,10) -> #NUM! | AT9: =-LOG(AE9, 10)*AG9 -> #NUM!
A10: O77338 | B10: O77338_PLAF7 | C10: PF3D7_0313500 | D10: 0.015958752 | E10: 4 | F10: 4 | G10: 0 | H10: 138 | I10: 2047.3318 | J10: 2563.5801 | K10: 1753.3335 | L10: 1237.9075 | M10: 1950.9299 | N10: 688.67627 | O10: 1351.285 | P10: 2083.7917 | Q10: 2629.9883 | R10: 2554.2603 | S10: 1591.5695 | T10: 2604.5955 | AE10: 0 | AF10: 1 | AG10: 14.229898 | AH10: 12 | AI10: 0 | AJ10: 0 | AK10: sig. enriched in ATG18 | AL10: =SUM(I10:T10) -> 23057.249 | AM10: =SUM(U10:AC10) -> 0 | AN10: =AL10/#REF!*100 -> #REF! | AO10: =AM10/#REF!*100 -> #REF! | AP10: =AN10/AO10 -> #REF! | AQ10: =LOG(AP10,2) -> #REF! | AR10: =-LOG(AE10,10) -> #NUM! | AT10: =-LOG(AE10, 10)*AG10 -> #NUM!
A11: A0A5K1K8W6 | B11: A0A5K1K8W6_PLAF7 | C11: PF3D7_1339600 | D11: 0.021917809 | E11: 5 | F11: 5 | G11: 0 | H11: 101 | I11: 1053.4846 | J11: 1508.0621 | K11: 1175.7411 | M11: 566.37885 | O11: 2295.1455 | P11: 1454.0392 | Q11: 2046.2462 | R11: 3363.3643 | S11: 1906.5281 | T11: 4454.5718 | AE11: 0 | AF11: 1 | AG11: 14.274929 | AH11: 10 | AI11: 0 | AJ11: 0 | AK11: sig. enriched in ATG18 | AL11: =SUM(I11:T11) -> 19823.562 | AM11: =SUM(U11:AC11) -> 0 | AN11: =AL11/#REF!*100 -> #REF! | AO11: =AM11/#REF!*100 -> #REF! | AP11: =AN11/AO11 -> #REF! | AQ11: =LOG(AP11,2) -> #REF! | AR11: =-LOG(AE11,10) -> #NUM! | AT11: =-LOG(AE11, 10)*AG11 -> #NUM!
A12: O97265 | B12: O97265_PLAF7 | C12: PF3D7_0315000 | D12: 0.048715204 | E12: 2 | F12: 2 | G12: 0 | H12: 32 | I12: 1599.77 | J12: 2226.7524 | K12: 1621.1984 | L12: 478.11774 | O12: 2322.1184 | P12: 2792.9639 | Q12: 2348.9612 | R12: 1679.8026 | S12: 2826.3901 | T12: 1953.7151 | AE12: 0 | AF12: 1 | AG12: 14.276836 | AH12: 10 | AI12: 0 | AJ12: 0 | AK12: sig. enriched in ATG18 | AL12: =SUM(I12:T12) -> 19849.79 | AM12: =SUM(U12:AC12) -> 0 | AN12: =AL12/#REF!*100 -> #REF! | AO12: =AM12/#REF!*100 -> #REF! | AP12: =AN12/AO12 -> #REF! | AQ12: =LOG(AP12,2) -> #REF! | AR12: =-LOG(AE12,10) -> #NUM! | AT12: =-LOG(AE12, 10)*AG12 -> #NUM!
A13: A0A5K1K9E4 | B13: A0A5K1K9E4_PLAF7 | C13: PF3D7_0525600 | D13: 0.045250066 | E13: 2 | F13: 2 | G13: 0 | H13: 56 | I13: 2799.0664 | J13: 1479.8552 | K13: 1795.5488 | M13: 837.44574 | O13: 1798.8931 | Q13: 974.72925 | R13: 3685.1895 | S13: 2390.4087 | T13: 2258.1536 | AE13: 0 | AF13: 1 | AG13: 14.289258 | AH13: 9 | AI13: 0 | AJ13: 0 | AK13: sig. enriched in ATG18 | AL13: =SUM(I13:T13) -> 18019.29 | AM13: =SUM(U13:AC13) -> 0 | AN13: =AL13/#REF!*100 -> #REF! | AO13: =AM13/#REF!*100 -> #REF! | AP13: =AN13/AO13 -> #REF! | AQ13: =LOG(AP13,2) -> #REF! | AR13: =-LOG(AE13,10) -> #NUM! | AT13: =-LOG(AE13, 10)*AG13 -> #NUM!
A14: Q8IDG0 | B14: Q8IDG0_PLAF7 | C14: PF3D7_1354100 | D14: 0.037424058 | E14: 3 | F14: 3 | G14: 0 | H14: 52 | I14: 1817.874 | J14: 2391.772 | K14: 1836.6853 | L14: 2507.0813 | M14: 2686.0286 | N14: 845.44196 | O14: 1842.1826 | P14: 1504.476 | Q14: 2435.8865 | R14: 2682.9802 | S14: 1785.001 | T14: 2289.0945 | AE14: 0 | AF14: 1 | AG14: 14.324773 | AH14: 12 | AI14: 0 | AJ14: 0 | AK14: sig. enriched in ATG18 | AL14: =SUM(I14:T14) -> 24624.504 | AM14: =SUM(U14:AC14) -> 0 | AN14: =AL14/#REF!*100 -> #REF! | AO14: =AM14/#REF!*100 -> #REF! | AP14: =AN14/AO14 -> #REF! | AQ14: =LOG(AP14,2) -> #REF! | AR14: =-LOG(AE14,10) -> #NUM! | AT14: =-LOG(AE14, 10)*AG14 -> #NUM!
A15: Q8IC19 | B15: YPF13_PLAF7 | C15: PF3D7_0705100 | D15: 0.011691542 | E15: 5 | F15: 5 | G15: 0 | H15: 141 | K15: 1820.6805 | L15: 2171.9929 | M15: 2731.7898 | N15: 1477.637 | O15: 2274.6377 | P15: 2008.9713 | Q15: 2498.4863 | R15: 2116.2402 | S15: 2807.553 | T15: 2314.251 | AE15: 0 | AF15: 1 | AG15: 14.439717 | AH15: 10 | AI15: 0 | AJ15: 0 | AK15: sig. enriched in ATG18 | AL15: =SUM(I15:T15) -> 22222.24 | AM15: =SUM(U15:AC15) -> 0 | AN15: =AL15/#REF!*100 -> #REF! | AO15: =AM15/#REF!*100 -> #REF! | AP15: =AN15/AO15 -> #REF! | AQ15: =LOG(AP15,2) -> #REF! | AR15: =-LOG(AE15,10) -> #NUM! | AT15: =-LOG(AE15, 10)*AG15 -> #NUM!
A16: Q8I5W3 | B16: Q8I5W3_PLAF7 | C16: PF3D7_1208500 | D16: 0.00031979533 | E16: 6 | F16: 6 | G16: 0 | H16: 250 | I16: 1825.0005 | J16: 2359.7146 | K16: 2382.5464 | L16: 1872.2804 | M16: 2240.8098 | N16: 1504.2953 | O16: 2033.2959 | P16: 2599.854 | Q16: 2294.917 | R16: 2758.1011 | S16: 3162.0908 | T16: 1850.5818 | AE16: 0 | AF16: 1 | AG16: 14.451398 | AH16: 12 | AI16: 0 | AJ16: 0 | AK16: sig. enriched in ATG18 | AL16: =SUM(I16:T16) -> 26883.488 | AM16: =SUM(U16:AC16) -> 0 | AN16: =AL16/#REF!*100 -> #REF! | AO16: =AM16/#REF!*100 -> #REF! | AP16: =AN16/AO16 -> #REF! | AQ16: =LOG(AP16,2) -> #REF! | AR16: =-LOG(AE16,10) -> #NUM! | AT16: =-LOG(AE16, 10)*AG16 -> #NUM!
A17: A0A143ZYR7;Q8IJB4 | B17: A0A143ZYR7_PLAF7;Q8IJB4_PLAF7 | C17: PF3D7_1029100.1;PF3D7_1029100.2 | D17: 0.064541213 | E17: 2 | F17: 0 | G17: 2 | H17: 201 | I17: 3224.196 | J17: 953.12463 | K17: 1382.8352 | M17: 998.1438 | N17: 208.36287 | O17: 1853.8854 | P17: 3693.8293 | Q17: 3752.417 | R17: 2512.5286 | S17: 2879.3567 | T17: 3246.4561 | AE17: 0 | AF17: 1 | AG17: 14.45502 | AH17: 11 | AI17: 0 | AJ17: 0 | AK17: sig. enriched in ATG18 | AL17: =SUM(I17:T17) -> 24705.136 | AM17: =SUM(U17:AC17) -> 0 | AN17: =AL17/#REF!*100 -> #REF! | AO17: =AM17/#REF!*100 -> #REF! | AP17: =AN17/AO17 -> #REF! | AQ17: =LOG(AP17,2) -> #REF! | AR17: =-LOG(AE17,10) -> #NUM! | AT17: =-LOG(AE17, 10)*AG17 -> #NUM!
A18: Q8I634 | B18: Q8I634_PLAF7 | C18: PF3D7_1201100 | D18: 0.0042666667 | E18: 4 | F18: 4 | G18: 0 | H18: 122 | I18: 1645.0852 | J18: 2121.259 | K18: 1776.4705 | L18: 1655.0945 | M18: 1372.8546 | O18: 2551.4468 | P18: 2622.9041 | Q18: 4075.0596 | R18: 2292.1472 | S18: 2632.4126 | AE18: 0 | AF18: 1 | AG18: 14.473245 | AH18: 10 | AI18: 0 | AJ18: 0 | AK18: sig. enriched in ATG18 | AL18: =SUM(I18:T18) -> 22744.734 | AM18: =SUM(U18:AC18) -> 0 | AN18: =AL18/#REF!*100 -> #REF! | AO18: =AM18/#REF!*100 -> #REF! | AP18: =AN18/AO18 -> #REF! | AQ18: =LOG(AP18,2) -> #REF! | AR18: =-LOG(AE18,10) -> #NUM! | AT18: =-LOG(AE18, 10)*AG18 -> #NUM!
A19: O96225 | B19: O96225_PLAF7 | C19: PF3D7_0214500 | D19: 0.047199048 | E19: 2 | F19: 2 | G19: 0 | H19: 52 | J19: 1829.1434 | K19: 2098.5295 | N19: 600.06458 | O19: 2307.8977 | P19: 4109.6763 | Q19: 2529.7327 | R19: 2006.1532 | S19: 3432.4065 | T19: 2695.3511 | AE19: 0 | AF19: 1 | AG19: 14.551345 | AH19: 9 | AI19: 0 | AJ19: 0 | AK19: sig. enriched in ATG18 | AL19: =SUM(I19:T19) -> 21608.955 | AM19: =SUM(U19:AC19) -> 0 | AN19: =AL19/#REF!*100 -> #REF! | AO19: =AM19/#REF!*100 -> #REF! | AP19: =AN19/AO19 -> #REF! | AQ19: =LOG(AP19,2) -> #REF! | AR19: =-LOG(AE19,10) -> #NUM! | AT19: =-LOG(AE19, 10)*AG19 -> #NUM!
A20: A0A144A1F0 | B20: A0A144A1F0_PLAF7 | C20: PF3D7_1019300 | D20: 0.015052685 | E20: 12 | F20: 12 | G20: 0 | H20: 225 | I20: 2352.3081 | J20: 2723.2986 | K20: 2280.9829 | L20: 3017.8608 | M20: 4086.8337 | N20: 2078.6492 | O20: 2462.9417 | P20: 2300.0046 | Q20: 2407.3572 | R20: 1604.7815 | S20: 2279.1177 | T20: 1430.6555 | AE20: 0 | AF20: 1 | AG20: 14.561964 | AH20: 12 | AI20: 0 | AJ20: 0 | AK20: sig. enriched in ATG18 | AL20: =SUM(I20:T20) -> 29024.792 | AM20: =SUM(U20:AC20) -> 0 | AN20: =AL20/#REF!*100 -> #REF! | AO20: =AM20/#REF!*100 -> #REF! | AP20: =AN20/AO20 -> #REF! | AQ20: =LOG(AP20,2) -> #REF! | AR20: =-LOG(AE20,10) -> #NUM! | AT20: =-LOG(AE20, 10)*AG20 -> #NUM!
A21: Q8I335 | B21: GUF1_PLAF7 | C21: PF3D7_0911700 | D21: 0.0033290654 | E21: 4 | F21: 4 | G21: 0 | H21: 184 | I21: 3130.9375 | J21: 1912.7875 | K21: 2330.2295 | L21: 1239.7299 | M21: 1649.4249 | N21: 672.56085 | O21: 3261.9109 | P21: 0 | Q21: 3800.9382 | R21: 2192.3604 | S21: 5052.6797 | T21: 2078.7871 | AE21: 0 | AF21: 1 | AG21: 14.60029 | AH21: 11 | AI21: 0 | AJ21: 0 | AK21: sig. enriched in ATG18 | AL21: =SUM(I21:T21) -> 27322.346 | AM21: =SUM(U21:AC21) -> 0 | AN21: =AL21/#REF!*100 -> #REF! | AO21: =AM21/#REF!*100 -> #REF! | AP21: =AN21/AO21 -> #REF! | AQ21: =LOG(AP21,2) -> #REF! | AR21: =-LOG(AE21,10) -> #NUM! | AT21: =-LOG(AE21, 10)*AG21 -> #NUM!
A22: A0A5K1K8X3 | B22: A0A5K1K8X3_PLAF7 | C22: PF3D7_1342200 | D22: 0.025031606 | E22: 5 | F22: 5 | G22: 0 | H22: 156 | I22: 2793.2559 | J22: 1653.6039 | K22: 1458.0575 | L22: 1252.5774 | O22: 3333.7366 | P22: 3670.6953 | Q22: 2140.1885 | R22: 2262.2488 | S22: 4171.9272 | T22: 2440.4175 | AE22: 0 | AF22: 1 | AG22: 14.619802 | AH22: 10 | AI22: 0 | AJ22: 0 | AK22: sig. enriched in ATG18 | AL22: =SUM(I22:T22) -> 25176.708 | AM22: =SUM(U22:AC22) -> 0 | AN22: =AL22/#REF!*100 -> #REF! | AO22: =AM22/#REF!*100 -> #REF! | AP22: =AN22/AO22 -> #REF! | AQ22: =LOG(AP22,2) -> #REF! | AR22: =-LOG(AE22,10) -> #NUM! | AT22: =-LOG(AE22, 10)*AG22 -> #NUM!
A23: O96170 | B23: O96170_PLAF7 | C23: PF3D7_0208300 | D23: 0.03567889 | E23: 2 | F23: 2 | G23: 0 | H23: 282 | I23: 3034.7625 | J23: 2973.0063 | K23: 1732.0862 | L23: 1753.1809 | M23: 2894.6929 | N23: 1581.923 | O23: 2963.9707 | P23: 2816.658 | Q23: 3417.4949 | R23: 3089.2915 | S23: 2298.1472 | T23: 1976.7698 | AE23: 0 | AF23: 1 | AG23: 14.634999 | AH23: 12 | AI23: 0 | AJ23: 0 | AK23: sig. enriched in ATG18 | AL23: =SUM(I23:T23) -> 30531.984 | AM23: =SUM(U23:AC23) -> 0 | AN23: =AL23/#REF!*100 -> #REF! | AO23: =AM23/#REF!*100 -> #REF! | AP23: =AN23/AO23 -> #REF! | AQ23: =LOG(AP23,2) -> #REF! | AR23: =-LOG(AE23,10) -> #NUM! | AT23: =-LOG(AE23, 10)*AG23 -> #NUM!
A24: A0A143ZYI9 | B24: A0A143ZYI9_PLAF7 | C24: PF3D7_1135500 | D24: 0.088649943 | E24: 3 | F24: 3 | G24: 0 | H24: 58 | I24: 2718.0483 | J24: 3474.863 | K24: 1285.5448 | L24: 783.05945 | M24: 1317.1674 | O24: 3741.1189 | P24: 3098.5073 | Q24: 1035.4331 | R24: 3344.8723 | S24: 3553.3745 | T24: 3765.1145 | AE24: 0 | AF24: 1 | AG24: 14.641657 | AH24: 11 | AI24: 0 | AJ24: 0 | AK24: sig. enriched in ATG18 | AL24: =SUM(I24:T24) -> 28117.104 | AM24: =SUM(U24:AC24) -> 0 | AN24: =AL24/#REF!*100 -> #REF! | AO24: =AM24/#REF!*100 -> #REF! | AP24: =AN24/AO24 -> #REF! | AQ24: =LOG(AP24,2) -> #REF! | AR24: =-LOG(AE24,10) -> #NUM! | AT24: =-LOG(AE24, 10)*AG24 -> #NUM!
A25: Q8I2E1 | B25: Q8I2E1_PLAF7 | C25: PF3D7_0113700 | D25: 0.052197069 | E25: 4 | F25: 4 | G25: 0 | H25: 56 | I25: 1140.4636 | J25: 1581.5675 | L25: 1141.5111 | O25: 3326.4773 | P25: 4894.688 | Q25: 1912.4006 | R25: 3218.9304 | S25: 3492.6716 | T25: 2452.8015 | AE25: 0 | AF25: 1 | AG25: 14.651445 | AH25: 9 | AI25: 0 | AJ25: 0 | AK25: sig. enriched in ATG18 | AL25: =SUM(I25:T25) -> 23161.512 | AM25: =SUM(U25:AC25) -> 0 | AN25: =AL25/#REF!*100 -> #REF! | AO25: =AM25/#REF!*100 -> #REF! | AP25: =AN25/AO25 -> #REF! | AQ25: =LOG(AP25,2) -> #REF! | AR25: =-LOG(AE25,10) -> #NUM! | AT25: =-LOG(AE25, 10)*AG25 -> #NUM!
A26: Q8IHV8 | B26: Q8IHV8_PLAF7 | C26: PF3D7_1140700 | D26: 0.086905323 | E26: 3 | F26: 3 | G26: 0 | H26: 311 | I26: 2287.9128 | J26: 3677.9797 | K26: 2469.9004 | L26: 1722.9215 | M26: 1487.8391 | N26: 1716.1145 | O26: 3966.4336 | P26: 3007.4802 | Q26: 2841.1165 | R26: 2209.1287 | S26: 3679.2322 | T26: 2089.127 | AE26: 0 | AF26: 1 | AG26: 14.66415 | AH26: 12 | AI26: 0 | AJ26: 0 | AK26: sig. enriched in ATG18 | AL26: =SUM(I26:T26) -> 31155.186 | AM26: =SUM(U26:AC26) -> 0 | AN26: =AL26/#REF!*100 -> #REF! | AO26: =AM26/#REF!*100 -> #REF! | AP26: =AN26/AO26 -> #REF! | AQ26: =LOG(AP26,2) -> #REF! | AR26: =-LOG(AE26,10) -> #NUM! | AT26: =-LOG(AE26, 10)*AG26 -> #NUM!
A27: Q8I3Y1 | B27: Q8I3Y1_PLAF7 | C27: PF3D7_0512500 | D27: 0.047925033 | E27: 4 | F27: 4 | G27: 0 | H27: 113 | I27: 3313.5449 | J27: 3286.1731 | K27: 1361.7554 | L27: 1491.4852 | M27: 1188.7051 | N27: 1049.9473 | O27: 3096.0522 | P27: 2967.5129 | Q27: 2645.4924 | R27: 3641.553 | S27: 4084.6619 | T27: 3468.1572 | AE27: 0 | AF27: 1 | AG27: 14.684376 | AH27: 12 | AI27: 0 | AJ27: 0 | AK27: sig. enriched in ATG18 | AL27: =SUM(I27:T27) -> 31595.041 | AM27: =SUM(U27:AC27) -> 0 | AN27: =AL27/#REF!*100 -> #REF! | AO27: =AM27/#REF!*100 -> #REF! | AP27: =AN27/AO27 -> #REF! | AQ27: =LOG(AP27,2) -> #REF! | AR27: =-LOG(AE27,10) -> #NUM! | AT27: =-LOG(AE27, 10)*AG27 -> #NUM!
A28: Q9U0L6 | B28: Q9U0L6_PLAF7 | C28: PF3D7_0407000 | D28: 0.0033290654 | E28: 5 | F28: 5 | G28: 0 | H28: 63 | I28: 2955.3545 | J28: 3099.4775 | K28: 2661.707 | L28: 2020.8945 | M28: 2544.2019 | N28: 1823.9155 | O28: 3528.9329 | P28: 2649.9966 | Q28: 3261.4795 | R28: 2122.8452 | S28: 2467.093 | T28: 3088.1875 | AE28: 0 | AF28: 1 | AG28: 14.712817 | AH28: 12 | AI28: 0 | AJ28: 0 | AK28: sig. enriched in ATG18 | AL28: =SUM(I28:T28) -> 32224.086 | AM28: =SUM(U28:AC28) -> 0 | AN28: =AL28/#REF!*100 -> #REF! | AO28: =AM28/#REF!*100 -> #REF! | AP28: =AN28/AO28 -> #REF! | AQ28: =LOG(AP28,2) -> #REF! | AR28: =-LOG(AE28,10) -> #NUM! | AT28: =-LOG(AE28, 10)*AG28 -> #NUM!
A29: C0H499 | B29: C0H499_PLAF7 | C29: PF3D7_0408400 | D29: 0.029102668 | E29: 2 | F29: 2 | G29: 0 | H29: 85 | I29: 2261.4548 | J29: 1915.944 | K29: 2094.0571 | M29: 1048.3807 | O29: 2855.7493 | P29: 3800.9844 | Q29: 1799.2655 | R29: 3390.7466 | S29: 4588.0415 | T29: 3106.8604 | AE29: 0 | AF29: 1 | AG29: 14.713251 | AH29: 10 | AI29: 0 | AJ29: 0 | AK29: sig. enriched in ATG18 | AL29: =SUM(I29:T29) -> 26861.484 | AM29: =SUM(U29:AC29) -> 0 | AN29: =AL29/#REF!*100 -> #REF! | AO29: =AM29/#REF!*100 -> #REF! | AP29: =AN29/AO29 -> #REF! | AQ29: =LOG(AP29,2) -> #REF! | AR29: =-LOG(AE29,10) -> #NUM! | AT29: =-LOG(AE29, 10)*AG29 -> #NUM!
A30: Q8II20 | B30: Q8II20_PLAF7 | C30: PF3D7_1134400 | D30: 0.0015965939 | E30: 3 | F30: 3 | G30: 0 | H30: 29 | I30: 1990.5823 | J30: 2508.7803 | K30: 1933.5654 | O30: 4021.5474 | P30: 1984.5575 | Q30: 3031.3599 | R30: 2473.2244 | S30: 3054.499 | T30: 3569.1704 | AE30: 0 | AF30: 1 | AG30: 14.736454 | AH30: 9 | AI30: 0 | AJ30: 0 | AK30: sig. enriched in ATG18 | AL30: =SUM(I30:T30) -> 24567.286 | AM30: =SUM(U30:AC30) -> 0 | AN30: =AL30/#REF!*100 -> #REF! | AO30: =AM30/#REF!*100 -> #REF! | AP30: =AN30/AO30 -> #REF! | AQ30: =LOG(AP30,2) -> #REF! | AR30: =-LOG(AE30,10) -> #NUM! | AT30: =-LOG(AE30, 10)*AG30 -> #NUM!
A31: C0H4V3 | B31: C0H4V3_PLAF7 | C31: PF3D7_0817400 | D31: 0.050702214 | E31: 2 | F31: 2 | G31: 0 | H31: 94 | I31: 2337.7795 | J31: 3279.2227 | K31: 1794.1052 | L31: 893.60895 | M31: 1200.2 | O31: 3293.2053 | P31: 3194.9944 | Q31: 2957.2712 | R31: 4348.3994 | S31: 4180.3042 | T31: 2649.4158 | AE31: 0 | AF31: 1 | AG31: 14.741338 | AH31: 11 | AI31: 0 | AJ31: 0 | AK31: sig. enriched in ATG18 | AL31: =SUM(I31:T31) -> 30128.507 | AM31: =SUM(U31:AC31) -> 0 | AN31: =AL31/#REF!*100 -> #REF! | AO31: =AM31/#REF!*100 -> #REF! | AP31: =AN31/AO31 -> #REF! | AQ31: =LOG(AP31,2) -> #REF! | AR31: =-LOG(AE31,10) -> #NUM! | AT31: =-LOG(AE31, 10)*AG31 -> #NUM!
A32: O77332 | B32: O77332_PLAF7 | C32: PF3D7_0309900 | D32: 0.0030983733 | E32: 5 | F32: 5 | G32: 0 | H32: 239 | I32: 2736.2034 | J32: 2943.7485 | K32: 1662.7882 | L32: 2387.7053 | M32: 2249.4727 | N32: 1295.2657 | P32: 1321.1436 | Q32: 2119.5579 | R32: 4665.8228 | S32: 5992.5747 | T32: 3953.8091 | AE32: 0 | AF32: 1 | AG32: 14.797666 | AH32: 11 | AI32: 0 | AJ32: 0 | AK32: sig. enriched in ATG18 | AL32: =SUM(I32:T32) -> 31328.092 | AM32: =SUM(U32:AC32) -> 0 | AN32: =AL32/#REF!*100 -> #REF! | AO32: =AM32/#REF!*100 -> #REF! | AP32: =AN32/AO32 -> #REF! | AQ32: =LOG(AP32,2) -> #REF! | AR32: =-LOG(AE32,10) -> #NUM! | AT32: =-LOG(AE32, 10)*AG32 -> #NUM!
A33: Q8I5G6 | B33: Q8I5G6_PLAF7 | C33: PF3D7_1225100 | D33: 0.0018013382 | E33: 6 | F33: 6 | G33: 0 | H33: 239 | I33: 3579.9832 | J33: 4851.2339 | K33: 2040.9591 | L33: 1893.9337 | M33: 2218.3022 | N33: 1731.4153 | O33: 1846.3341 | P33: 3490.7971 | Q33: 2864.7847 | R33: 0 | S33: 3714.1807 | T33: 3177.5996 | AE33: 0 | AF33: 1 | AG33: 14.801411 | AH33: 11 | AI33: 0 | AJ33: 0 | AK33: sig. enriched in ATG18 | AL33: =SUM(I33:T33) -> 31409.524 | AM33: =SUM(U33:AC33) -> 0 | AN33: =AL33/#REF!*100 -> #REF! | AO33: =AM33/#REF!*100 -> #REF! | AP33: =AN33/AO33 -> #REF! | AQ33: =LOG(AP33,2) -> #REF! | AR33: =-LOG(AE33,10) -> #NUM! | AT33: =-LOG(AE33, 10)*AG33 -> #NUM!
A34: Q8IM56 | B34: Q8IM56_PLAF7 | C34: PF3D7_1403800 | D34: 0.00082530949 | E34: 10 | F34: 10 | G34: 0 | H34: 262 | I34: 2462.3821 | J34: 2822.2341 | K34: 2174.5354 | L34: 1976.451 | M34: 2395.0945 | N34: 2161.4346 | O34: 2952.0977 | P34: 4221.6099 | Q34: 2560.4397 | R34: 4260.5898 | S34: 3778.3782 | T34: 2517.6387 | AE34: 0 | AF34: 1 | AG34: 14.802167 | AH34: 12 | AI34: 0 | AJ34: 0 | AK34: sig. enriched in ATG18 | AL34: =SUM(I34:T34) -> 34282.886 | AM34: =SUM(U34:AC34) -> 0 | AN34: =AL34/#REF!*100 -> #REF! | AO34: =AM34/#REF!*100 -> #REF! | AP34: =AN34/AO34 -> #REF! | AQ34: =LOG(AP34,2) -> #REF! | AR34: =-LOG(AE34,10) -> #NUM! | AT34: =-LOG(AE34, 10)*AG34 -> #NUM!
A35: Q8I516 | B35: Q8I516_PLAF7 | C35: PF3D7_1241300 | D35: 0.031451613 | E35: 2 | F35: 2 | G35: 0 | H35: 92 | I35: 3065.7175 | J35: 3599.3296 | K35: 2656.6201 | L35: 2539.0303 | M35: 3843.1079 | N35: 1750.1227 | P35: 2028.8517 | Q35: 1870.9515 | R35: 2973.9136 | S35: 2863.5371 | T35: 4939.5239 | AE35: 0 | AF35: 1 | AG35: 14.834162 | AH35: 11 | AI35: 0 | AJ35: 0 | AK35: sig. enriched in ATG18 | AL35: =SUM(I35:T35) -> 32130.706 | AM35: =SUM(U35:AC35) -> 0 | AN35: =AL35/#REF!*100 -> #REF! | AO35: =AM35/#REF!*100 -> #REF! | AP35: =AN35/AO35 -> #REF! | AQ35: =LOG(AP35,2) -> #REF! | AR35: =-LOG(AE35,10) -> #NUM! | AT35: =-LOG(AE35, 10)*AG35 -> #NUM!
A36: Q25817 | B36: Q25817_PLAF7 | C36: rps11 | D36: 0.047291942 | E36: 3 | F36: 3 | G36: 0 | H36: 24 | I36: 3498.929 | J36: 3567.1074 | K36: 2364.2007 | M36: 1897.0692 | N36: 1812.5818 | O36: 3635.5034 | P36: 2295.9629 | Q36: 3119.4548 | R36: 3830.3564 | S36: 3928.6763 | T36: 2303.03 | AE36: 0 | AF36: 1 | AG36: 14.839636 | AH36: 11 | AI36: 0 | AJ36: 0 | AK36: sig. enriched in ATG18 | AL36: =SUM(I36:T36) -> 32252.872 | AM36: =SUM(U36:AC36) -> 0 | AN36: =AL36/#REF!*100 -> #REF! | AO36: =AM36/#REF!*100 -> #REF! | AP36: =AN36/AO36 -> #REF! | AQ36: =LOG(AP36,2) -> #REF! | AR36: =-LOG(AE36,10) -> #NUM! | AT36: =-LOG(AE36, 10)*AG36 -> #NUM!
A37: C0H4K7 | B37: C0H4K7_PLAF7 | C37: PF3D7_0705600 | D37: 0.044050496 | E37: 4 | F37: 4 | G37: 0 | H37: 200 | I37: 2815.6594 | J37: 3175.8792 | L37: 1051.8724 | M37: 4328.1465 | N37: 1532.5117 | O37: 4900.8228 | P37: 3252.1963 | R37: 2187.1453 | S37: 3190.5991 | T37: 2898.8806 | AE37: 0 | AF37: 1 | AG37: 14.840272 | AH37: 10 | AI37: 0 | AJ37: 0 | AK37: sig. enriched in ATG18 | AL37: =SUM(I37:T37) -> 29333.713 | AM37: =SUM(U37:AC37) -> 0 | AN37: =AL37/#REF!*100 -> #REF! | AO37: =AM37/#REF!*100 -> #REF! | AP37: =AN37/AO37 -> #REF! | AQ37: =LOG(AP37,2) -> #REF! | AR37: =-LOG(AE37,10) -> #NUM! | AT37: =-LOG(AE37, 10)*AG37 -> #NUM!
A38: O96130 | B38: O96130_PLAF7 | C38: PF3D7_0202700 | D38: 0.016997168 | E38: 2 | F38: 2 | G38: 0 | H38: 85 | I38: 4248.4399 | J38: 3675.0574 | K38: 2900.0435 | L38: 2220.7275 | M38: 3408.5427 | N38: 1387.4872 | O38: 2654.2122 | P38: 2843.7961 | Q38: 2651.3977 | R38: 3439.8313 | S38: 3694.4685 | T38: 2350.9287 | AE38: 0 | AF38: 1 | AG38: 14.851478 | AH38: 12 | AI38: 0 | AJ38: 0 | AK38: sig. enriched in ATG18 | AL38: =SUM(I38:T38) -> 35474.933 | AM38: =SUM(U38:AC38) -> 0 | AN38: =AL38/#REF!*100 -> #REF! | AO38: =AM38/#REF!*100 -> #REF! | AP38: =AN38/AO38 -> #REF! | AQ38: =LOG(AP38,2) -> #REF! | AR38: =-LOG(AE38,10) -> #NUM! | AT38: =-LOG(AE38, 10)*AG38 -> #NUM!
A39: Q8IAV3 | B39: Q8IAV3_PLAF7 | C39: PF3D7_0811800 | D39: 0.031480975 | E39: 4 | F39: 4 | G39: 0 | H39: 104 | I39: 2632.2742 | J39: 2806.0439 | K39: 2392.8835 | L39: 1359.0663 | M39: 1321.512 | N39: 488.99326 | O39: 4757.6792 | P39: 5482.1782 | Q39: 4059.061 | R39: 4319.5884 | S39: 3249.0911 | T39: 3905.2107 | AE39: 0 | AF39: 1 | AG39: 14.903348 | AH39: 12 | AI39: 0 | AJ39: 0 | AK39: sig. enriched in ATG18 | AL39: =SUM(I39:T39) -> 36773.582 | AM39: =SUM(U39:AC39) -> 0 | AN39: =AL39/#REF!*100 -> #REF! | AO39: =AM39/#REF!*100 -> #REF! | AP39: =AN39/AO39 -> #REF! | AQ39: =LOG(AP39,2) -> #REF! | AR39: =-LOG(AE39,10) -> #NUM! | AT39: =-LOG(AE39, 10)*AG39 -> #NUM!
A40: Q8ILC6 | B40: Q8ILC6_PLAF7 | C40: PF3D7_1433700 | D40: 0.0038333759 | E40: 4 | F40: 4 | G40: 0 | H40: 325 | I40: 2668.7522 | J40: 2586.4624 | K40: 2687.2732 | L40: 2357.7244 | M40: 579.84564 | N40: 2920.0195 | O40: 4945.7197 | P40: 2243.115 | Q40: 3379.7236 | R40: 4242.7949 | S40: 5264.646 | T40: 3433.6819 | AE40: 0 | AF40: 1 | AG40: 14.924231 | AH40: 12 | AI40: 0 | AJ40: 0 | AK40: sig. enriched in ATG18 | AL40: =SUM(I40:T40) -> 37309.758 | AM40: =SUM(U40:AC40) -> 0 | AN40: =AL40/#REF!*100 -> #REF! | AO40: =AM40/#REF!*100 -> #REF! | AP40: =AN40/AO40 -> #REF! | AQ40: =LOG(AP40,2) -> #REF! | AR40: =-LOG(AE40,10) -> #NUM! | AT40: =-LOG(AE40, 10)*AG40 -> #NUM!
A41: Q8IB54 | B41: Q8IB54_PLAF7 | C41: PF3D7_0822000 | D41: 0.042568717 | E41: 5 | F41: 5 | G41: 0 | H41: 86 | I41: 3090.7415 | J41: 2705.906 | K41: 2302.833 | L41: 1060.0889 | M41: 2255.1943 | N41: 1601.325 | O41: 4246.0542 | P41: 4979.2227 | Q41: 2103.2878 | R41: 3981.2131 | S41: 6113.0947 | T41: 2901.4966 | AE41: 0 | AF41: 1 | AG41: 14.925418 | AH41: 12 | AI41: 0 | AJ41: 0 | AK41: sig. enriched in ATG18 | AL41: =SUM(I41:T41) -> 37340.458 | AM41: =SUM(U41:AC41) -> 0 | AN41: =AL41/#REF!*100 -> #REF! | AO41: =AM41/#REF!*100 -> #REF! | AP41: =AN41/AO41 -> #REF! | AQ41: =LOG(AP41,2) -> #REF! | AR41: =-LOG(AE41,10) -> #NUM! | AT41: =-LOG(AE41, 10)*AG41 -> #NUM!
A42: Q8II89 | B42: Q8II89_PLAF7 | C42: PF3D7_1127400 | D42: 0.024263903 | E42: 4 | F42: 4 | G42: 0 | H42: 31 | I42: 3085.4236 | J42: 4646.5469 | K42: 2038.6982 | L42: 1322.4094 | M42: 2012.0087 | N42: 711.31812 | O42: 3132.8845 | P42: 1536.3524 | Q42: 3031.2017 | R42: 5635.2852 | S42: 5682.6904 | T42: 4742.7812 | AE42: 0 | AF42: 1 | AG42: 14.934551 | AH42: 12 | AI42: 0 | AJ42: 0 | AK42: sig. enriched in ATG18 | AL42: =SUM(I42:T42) -> 37577.6 | AM42: =SUM(U42:AC42) -> 0 | AN42: =AL42/#REF!*100 -> #REF! | AO42: =AM42/#REF!*100 -> #REF! | AP42: =AN42/AO42 -> #REF! | AQ42: =LOG(AP42,2) -> #REF! | AR42: =-LOG(AE42,10) -> #NUM! | AT42: =-LOG(AE42, 10)*AG42 -> #NUM!
A43: Q8I2U0 | B43: Q8I2U0_PLAF7 | C43: PF3D7_0921300 | D43: 0.0028932141 | E43: 4 | F43: 4 | G43: 0 | H43: 65 | I43: 2512.0388 | J43: 2329.4011 | K43: 2407.051 | O43: 3803.5286 | P43: 3456.4209 | Q43: 3034.5325 | R43: 3346.468 | S43: 4420.0767 | T43: 3328.157 | AE43: 0 | AF43: 1 | AG43: 14.95763 | AH43: 9 | AI43: 0 | AJ43: 0 | AK43: sig. enriched in ATG18 | AL43: =SUM(I43:T43) -> 28637.675 | AM43: =SUM(U43:AC43) -> 0 | AN43: =AL43/#REF!*100 -> #REF! | AO43: =AM43/#REF!*100 -> #REF! | AP43: =AN43/AO43 -> #REF! | AQ43: =LOG(AP43,2) -> #REF! | AR43: =-LOG(AE43,10) -> #NUM! | AT43: =-LOG(AE43, 10)*AG43 -> #NUM!
A44: Q8II55 | B44: Q8II55_PLAF7 | C44: PF3D7_1130900 | D44: 0.012537613 | E44: 4 | F44: 4 | G44: 0 | H44: 209 | I44: 2940.6299 | J44: 4443.7915 | K44: 1865.4115 | L44: 2201.823 | M44: 1685.9768 | N44: 1380.2849 | O44: 4171.4985 | P44: 3519.5452 | R44: 3746.8347 | S44: 4505.2275 | T44: 5251.231 | AE44: 0 | AF44: 1 | AG44: 14.986628 | AH44: 11 | AI44: 0 | AJ44: 0 | AK44: sig. enriched in ATG18 | AL44: =SUM(I44:T44) -> 35712.255 | AM44: =SUM(U44:AC44) -> 0 | AN44: =AL44/#REF!*100 -> #REF! | AO44: =AM44/#REF!*100 -> #REF! | AP44: =AN44/AO44 -> #REF! | AQ44: =LOG(AP44,2) -> #REF! | AR44: =-LOG(AE44,10) -> #NUM! | AT44: =-LOG(AE44, 10)*AG44 -> #NUM!
A45: C0H4T3 | B45: C0H4T3_PLAF7 | C45: PF3D7_0809600 | D45: 0.00031979533 | E45: 12 | F45: 12 | G45: 0 | H45: 802 | I45: 2698.9761 | J45: 3062.7676 | K45: 2631.8303 | L45: 2826.2122 | M45: 3860.7568 | N45: 2050.8755 | O45: 3412.5405 | P45: 4914.7856 | Q45: 3277.3948 | R45: 3198.5793 | S45: 3406.2588 | T45: 3907.0686 | AE45: 0 | AF45: 1 | AG45: 14.997299 | AH45: 12 | AI45: 0 | AJ45: 0 | AK45: sig. enriched in ATG18 | AL45: =SUM(I45:T45) -> 39248.046 | AM45: =SUM(U45:AC45) -> 0 | AN45: =AL45/#REF!*100 -> #REF! | AO45: =AM45/#REF!*100 -> #REF! | AP45: =AN45/AO45 -> #REF! | AQ45: =LOG(AP45,2) -> #REF! | AR45: =-LOG(AE45,10) -> #NUM! | AT45: =-LOG(AE45, 10)*AG45 -> #NUM!
A46: Q8ILX6 | B46: Q8ILX6_PLAF7 | C46: PF3D7_1411900 | D46: 0.067450792 | E46: 3 | F46: 3 | G46: 0 | H46: 46 | I46: 3286.4871 | J46: 3060.4438 | K46: 1426.6212 | N46: 487.57648 | O46: 4669.3579 | P46: 6205.3682 | Q46: 2445.0044 | R46: 4156.3486 | S46: 3914.3054 | T46: 3098.1633 | AE46: 0 | AF46: 1 | AG46: 14.999193 | AH46: 10 | AI46: 0 | AJ46: 0 | AK46: sig. enriched in ATG18 | AL46: =SUM(I46:T46) -> 32749.676 | AM46: =SUM(U46:AC46) -> 0 | AN46: =AL46/#REF!*100 -> #REF! | AO46: =AM46/#REF!*100 -> #REF! | AP46: =AN46/AO46 -> #REF! | AQ46: =LOG(AP46,2) -> #REF! | AR46: =-LOG(AE46,10) -> #NUM! | AT46: =-LOG(AE46, 10)*AG46 -> #NUM!
A47: Q8IKD5 | B47: Q8IKD5_PLAF7 | C47: PF3D7_1470300 | D47: 0.016453901 | E47: 3 | F47: 3 | G47: 0 | H47: 20 | I47: 4702.8955 | J47: 4863.6885 | K47: 2973.6802 | L47: 1497.1237 | M47: 2235.5693 | N47: 1398.6965 | O47: 3795.6482 | P47: 4112.2754 | Q47: 3847.3459 | R47: 2110.7979 | S47: 4320.9917 | T47: 3999.0706 | AE47: 0 | AF47: 1 | AG47: 15.019539 | AH47: 12 | AI47: 0 | AJ47: 0 | AK47: sig. enriched in ATG18 | AL47: =SUM(I47:T47) -> 39857.783 | AM47: =SUM(U47:AC47) -> 0 | AN47: =AL47/#REF!*100 -> #REF! | AO47: =AM47/#REF!*100 -> #REF! | AP47: =AN47/AO47 -> #REF! | AQ47: =LOG(AP47,2) -> #REF! | AR47: =-LOG(AE47,10) -> #NUM! | AT47: =-LOG(AE47, 10)*AG47 -> #NUM!
A48: Q8IJR7 | B48: Q8IJR7_PLAF7 | C48: PF3D7_1012800 | D48: 0.039014876 | E48: 2 | F48: 2 | G48: 0 | H48: 100 | I48: 2254.2095 | J48: 2628.1172 | M48: 813.44568 | N48: 682.51282 | O48: 3815.9297 | Q48: 4600.8862 | R48: 5866.1772 | S48: 4919.6675 | T48: 4923.0977 | AE48: 0 | AF48: 1 | AG48: 15.048716 | AH48: 9 | AI48: 0 | AJ48: 0 | AK48: sig. enriched in ATG18 | AL48: =SUM(I48:T48) -> 30504.043 | AM48: =SUM(U48:AC48) -> 0 | AN48: =AL48/#REF!*100 -> #REF! | AO48: =AM48/#REF!*100 -> #REF! | AP48: =AN48/AO48 -> #REF! | AQ48: =LOG(AP48,2) -> #REF! | AR48: =-LOG(AE48,10) -> #NUM! | AT48: =-LOG(AE48, 10)*AG48 -> #NUM!
A49: Q8IC45 | B49: Q8IC45_PLAF7 | C49: PF3D7_0702200 | D49: 0.053294826 | E49: 2 | F49: 2 | G49: 0 | H49: 52 | I49: 3336.344 | J49: 4048.3152 | K49: 3865.2598 | L49: 580.52747 | M49: 800.40753 | N49: 1125.9473 | O49: 1221.1357 | Q49: 1491.2622 | R49: 6392.7783 | S49: 8683.5889 | T49: 6133.8652 | AE49: 0 | AF49: 1 | AG49: 15.063986 | AH49: 11 | AI49: 0 | AJ49: 0 | AK49: sig. enriched in ATG18 | AL49: =SUM(I49:T49) -> 37679.432 | AM49: =SUM(U49:AC49) -> 0 | AN49: =AL49/#REF!*100 -> #REF! | AO49: =AM49/#REF!*100 -> #REF! | AP49: =AN49/AO49 -> #REF! | AQ49: =LOG(AP49,2) -> #REF! | AR49: =-LOG(AE49,10) -> #NUM! | AT49: =-LOG(AE49, 10)*AG49 -> #NUM!
A50: Q8II37 | B50: Q8II37_PLAF7 | C50: PF3D7_1132700 | D50: 0.041223403 | E50: 2 | F50: 2 | G50: 0 | H50: 52 | I50: 4981.7134 | J50: 4224.2231 | K50: 3837.3647 | L50: 1389.739 | M50: 1862.4669 | N50: 839.38885 | O50: 4534.2212 | P50: 1986.2466 | Q50: 5976.0361 | R50: 3791.0542 | S50: 4285.0986 | T50: 3544.7012 | AE50: 0 | AF50: 1 | AG50: 15.069151 | AH50: 12 | AI50: 0 | AJ50: 0 | AK50: sig. enriched in ATG18 | AL50: =SUM(I50:T50) -> 41252.254 | AM50: =SUM(U50:AC50) -> 0 | AN50: =AL50/#REF!*100 -> #REF! | AO50: =AM50/#REF!*100 -> #REF! | AP50: =AN50/AO50 -> #REF! | AQ50: =LOG(AP50,2) -> #REF! | AR50: =-LOG(AE50,10) -> #NUM! | AT50: =-LOG(AE50, 10)*AG50 -> #NUM!
A51: C0H4F4 | B51: C0H4F4_PLAF7 | C51: PF3D7_0521200 | D51: 0.013228258 | E51: 4 | F51: 4 | G51: 0 | H51: 55 | I51: 3741.561 | J51: 4247.1021 | K51: 3154.0791 | L51: 877.35059 | N51: 1604.3339 | O51: 5588.8716 | P51: 2836.6255 | Q51: 2740.7375 | R51: 3151.8684 | S51: 5893.249 | T51: 4291.8057 | AE51: 0 | AF51: 1 | AG51: 15.081044 | AH51: 11 | AI51: 0 | AJ51: 0 | AK51: sig. enriched in ATG18 | AL51: =SUM(I51:T51) -> 38127.584 | AM51: =SUM(U51:AC51) -> 0 | AN51: =AL51/#REF!*100 -> #REF! | AO51: =AM51/#REF!*100 -> #REF! | AP51: =AN51/AO51 -> #REF! | AQ51: =LOG(AP51,2) -> #REF! | AR51: =-LOG(AE51,10) -> #NUM! | AT51: =-LOG(AE51, 10)*AG51 -> #NUM!
A52: Q8IL61 | B52: Q8IL61_PLAF7 | C52: PF3D7_1440900 | D52: 0.014634146 | E52: 2 | F52: 2 | G52: 0 | H52: 31 | I52: 4525.9458 | J52: 3673.4814 | K52: 2041.3811 | L52: 1257.5223 | M52: 2291.738 | N52: 1105.848 | O52: 3747.3943 | P52: 3581.8474 | Q52: 5464.625 | R52: 4381.6187 | S52: 4652.0762 | T52: 5546.1885 | AE52: 0 | AF52: 1 | AG52: 15.104301 | AH52: 12 | AI52: 0 | AJ52: 0 | AK52: sig. enriched in ATG18 | AL52: =SUM(I52:T52) -> 42269.667 | AM52: =SUM(U52:AC52) -> 0 | AN52: =AL52/#REF!*100 -> #REF! | AO52: =AM52/#REF!*100 -> #REF! | AP52: =AN52/AO52 -> #REF! | AQ52: =LOG(AP52,2) -> #REF! | AR52: =-LOG(AE52,10) -> #NUM! | AT52: =-LOG(AE52, 10)*AG52 -> #NUM!
A53: Q8IL73 | B53: Q8IL73_PLAF7 | C53: PF3D7_1439600 | D53: 0.0049673202 | E53: 4 | F53: 4 | G53: 0 | H53: 23 | I53: 2819.1455 | J53: 2038.459 | K53: 2124.2542 | O53: 5131.2915 | P53: 6756.1611 | Q53: 3872.5728 | R53: 3165.7488 | S53: 3202.5605 | T53: 2953.6069 | AE53: 0 | AF53: 1 | AG53: 15.120661 | AH53: 9 | AI53: 0 | AJ53: 0 | AK53: sig. enriched in ATG18 | AL53: =SUM(I53:T53) -> 32063.8 | AM53: =SUM(U53:AC53) -> 0 | AN53: =AL53/#REF!*100 -> #REF! | AO53: =AM53/#REF!*100 -> #REF! | AP53: =AN53/AO53 -> #REF! | AQ53: =LOG(AP53,2) -> #REF! | AR53: =-LOG(AE53,10) -> #NUM! | AT53: =-LOG(AE53, 10)*AG53 -> #NUM!
A54: O97254 | B54: O97254_PLAF7 | C54: PF3D7_0307600 | D54: 0.0023142195 | E54: 6 | F54: 6 | G54: 0 | H54: 98 | I54: 3592.8696 | J54: 3718.1104 | K54: 3223.0503 | L54: 2651.3311 | M54: 2948.8787 | N54: 2940.7339 | O54: 3667.3457 | P54: 5870.8516 | Q54: 3706.668 | R54: 5236.8247 | S54: 3618.719 | T54: 2408.5256 | AE54: 0 | AF54: 1 | AG54: 15.148474 | AH54: 12 | AI54: 0 | AJ54: 0 | AK54: sig. enriched in ATG18 | AL54: =SUM(I54:T54) -> 43583.908 | AM54: =SUM(U54:AC54) -> 0 | AN54: =AL54/#REF!*100 -> #REF! | AO54: =AM54/#REF!*100 -> #REF! | AP54: =AN54/AO54 -> #REF! | AQ54: =LOG(AP54,2) -> #REF! | AR54: =-LOG(AE54,10) -> #NUM! | AT54: =-LOG(AE54, 10)*AG54 -> #NUM!
A55: Q8IJJ7 | B55: Q8IJJ7_PLAF7 | C55: PF3D7_1020500 | D55: 0.0023316061 | E55: 3 | F55: 3 | G55: 0 | H55: 60 | I55: 3462.6709 | J55: 3837.6968 | K55: 3577.7029 | L55: 4139.7661 | M55: 3336.5823 | N55: 2866.9521 | O55: 3998.2944 | P55: 5691.2964 | Q55: 5212.8027 | R55: 3167.0979 | S55: 2989.519 | T55: 2958.353 | AE55: 0 | AF55: 1 | AG55: 15.202237 | AH55: 12 | AI55: 0 | AJ55: 0 | AK55: sig. enriched in ATG18 | AL55: =SUM(I55:T55) -> 45238.735 | AM55: =SUM(U55:AC55) -> 0 | AN55: =AL55/#REF!*100 -> #REF! | AO55: =AM55/#REF!*100 -> #REF! | AP55: =AN55/AO55 -> #REF! | AQ55: =LOG(AP55,2) -> #REF! | AR55: =-LOG(AE55,10) -> #NUM! | AT55: =-LOG(AE55, 10)*AG55 -> #NUM!
A56: A0A143ZWT2 | B56: A0A143ZWT2_PLAF7 | C56: PF3D7_0216300 | D56: 0.00031979533 | E56: 10 | F56: 10 | G56: 0 | H56: 200 | I56: 3680.262 | J56: 3942.957 | K56: 3549.8762 | L56: 2046.7205 | M56: 3010.0376 | N56: 2060.9185 | O56: 4368.6704 | P56: 5788.1875 | Q56: 4079.5229 | R56: 4411.4727 | S56: 4679.2627 | T56: 4428.6616 | AE56: 0 | AF56: 1 | AG56: 15.227771 | AH56: 12 | AI56: 0 | AJ56: 0 | AK56: sig. enriched in ATG18 | AL56: =SUM(I56:T56) -> 46046.55 | AM56: =SUM(U56:AC56) -> 0 | AN56: =AL56/#REF!*100 -> #REF! | AO56: =AM56/#REF!*100 -> #REF! | AP56: =AN56/AO56 -> #REF! | AQ56: =LOG(AP56,2) -> #REF! | AR56: =-LOG(AE56,10) -> #NUM! | AT56: =-LOG(AE56, 10)*AG56 -> #NUM!
A57: Q8IKL0 | B57: Q8IKL0_PLAF7 | C57: PF3D7_1462400 | D57: 0.017587317 | E57: 7 | F57: 7 | G57: 0 | H57: 501 | I57: 3045.6082 | J57: 3533.7444 | K57: 3605.0181 | L57: 2875.8994 | M57: 4168.0176 | N57: 3153.8684 | P57: 5168.9312 | Q57: 4387.1514 | R57: 5223.6406 | S57: 3450.3455 | T57: 3661.1819 | AE57: 0 | AF57: 1 | AG57: 15.229959 | AH57: 11 | AI57: 0 | AJ57: 0 | AK57: sig. enriched in ATG18 | AL57: =SUM(I57:T57) -> 42273.406 | AM57: =SUM(U57:AC57) -> 0 | AN57: =AL57/#REF!*100 -> #REF! | AO57: =AM57/#REF!*100 -> #REF! | AP57: =AN57/AO57 -> #REF! | AQ57: =LOG(AP57,2) -> #REF! | AR57: =-LOG(AE57,10) -> #NUM! | AT57: =-LOG(AE57, 10)*AG57 -> #NUM!
A58: O97246 | B58: O97246_PLAF7 | C58: PF3D7_0306500 | D58: 0.0068439064 | E58: 4 | F58: 4 | G58: 0 | H58: 50 | I58: 2513.7566 | J58: 1887.2854 | K58: 2756.5664 | O58: 5852.624 | P58: 5519.2061 | Q58: 5502.6602 | R58: 3814.3403 | S58: 2744.978 | T58: 4333.1987 | AE58: 0 | AF58: 1 | AG58: 15.24396 | AH58: 9 | AI58: 0 | AJ58: 0 | AK58: sig. enriched in ATG18 | AL58: =SUM(I58:T58) -> 34924.616 | AM58: =SUM(U58:AC58) -> 0 | AN58: =AL58/#REF!*100 -> #REF! | AO58: =AM58/#REF!*100 -> #REF! | AP58: =AN58/AO58 -> #REF! | AQ58: =LOG(AP58,2) -> #REF! | AR58: =-LOG(AE58,10) -> #NUM! | AT58: =-LOG(AE58, 10)*AG58 -> #NUM!
A59: Q8IAS8 | B59: Q8IAS8_PLAF7 | C59: PF3D7_0809200 | D59: 0.015720952 | E59: 8 | F59: 8 | G59: 0 | H59: 165 | I59: 3290.6353 | J59: 4796.0308 | K59: 2939.9993 | L59: 2391.4883 | M59: 3254.8335 | N59: 2382.5991 | O59: 6600.7422 | P59: 6519.2456 | Q59: 5024.1479 | R59: 3863.0276 | S59: 3391.0164 | T59: 3020.7837 | AE59: 0 | AF59: 1 | AG59: 15.271832 | AH59: 12 | AI59: 0 | AJ59: 0 | AK59: sig. enriched in ATG18 | AL59: =SUM(I59:T59) -> 47474.55 | AM59: =SUM(U59:AC59) -> 0 | AN59: =AL59/#REF!*100 -> #REF! | AO59: =AM59/#REF!*100 -> #REF! | AP59: =AN59/AO59 -> #REF! | AQ59: =LOG(AP59,2) -> #REF! | AR59: =-LOG(AE59,10) -> #NUM! | AT59: =-LOG(AE59, 10)*AG59 -> #NUM!
A60: C0H4S9 | B60: C0H4S9_PLAF7 | C60: PF3D7_0808000 | D60: 0.0043234993 | E60: 4 | F60: 4 | G60: 0 | H60: 202 | I60: 3979.7139 | J60: 4292.999 | K60: 4406.6289 | L60: 2246.3672 | M60: 3005.2095 | N60: 1309.1156 | O60: 3736.7407 | P60: 2285.4812 | Q60: 2509.8064 | R60: 6957.9844 | S60: 8428.5137 | T60: 5658.0391 | AE60: 0 | AF60: 1 | AG60: 15.31205 | AH60: 12 | AI60: 0 | AJ60: 0 | AK60: sig. enriched in ATG18 | AL60: =SUM(I60:T60) -> 48816.599 | AM60: =SUM(U60:AC60) -> 0 | AN60: =AL60/#REF!*100 -> #REF! | AO60: =AM60/#REF!*100 -> #REF! | AP60: =AN60/AO60 -> #REF! | AQ60: =LOG(AP60,2) -> #REF! | AR60: =-LOG(AE60,10) -> #NUM! | AT60: =-LOG(AE60, 10)*AG60 -> #NUM!
A61: Q9U0I1 | B61: Q9U0I1_PLAF7 | C61: PF3D7_0410700 | D61: 0.019052956 | E61: 7 | F61: 7 | G61: 0 | H61: 140 | I61: 4097.2168 | J61: 4827.6274 | K61: 4334.5659 | L61: 1484.8472 | M61: 1160.4014 | N61: 2113.2712 | O61: 6434.02 | P61: 7140.3838 | Q61: 5308.6616 | R61: 3275.0339 | S61: 3953.7754 | T61: 4852.3906 | AE61: 0 | AF61: 1 | AG61: 15.316935 | AH61: 12 | AI61: 0 | AJ61: 0 | AK61: sig. enriched in ATG18 | AL61: =SUM(I61:T61) -> 48982.195 | AM61: =SUM(U61:AC61) -> 0 | AN61: =AL61/#REF!*100 -> #REF! | AO61: =AM61/#REF!*100 -> #REF! | AP61: =AN61/AO61 -> #REF! | AQ61: =LOG(AP61,2) -> #REF! | AR61: =-LOG(AE61,10) -> #NUM! | AT61: =-LOG(AE61, 10)*AG61 -> #NUM!
A62: Q8IB41 | B62: Q8IB41_PLAF7 | C62: PF3D7_0820600 | D62: 0.00031979533 | E62: 5 | F62: 5 | G62: 0 | H62: 80 | I62: 4133.4458 | J62: 3747.144 | K62: 3121.1863 | L62: 1485.9526 | M62: 2469.2104 | N62: 1600.1615 | O62: 5165.7891 | P62: 6213.561 | Q62: 3040.2368 | R62: 6662.2012 | S62: 7372.0732 | T62: 4354.1899 | AE62: 0 | AF62: 1 | AG62: 15.328171 | AH62: 12 | AI62: 0 | AJ62: 0 | AK62: sig. enriched in ATG18 | AL62: =SUM(I62:T62) -> 49365.152 | AM62: =SUM(U62:AC62) -> 0 | AN62: =AL62/#REF!*100 -> #REF! | AO62: =AM62/#REF!*100 -> #REF! | AP62: =AN62/AO62 -> #REF! | AQ62: =LOG(AP62,2) -> #REF! | AR62: =-LOG(AE62,10) -> #NUM! | AT62: =-LOG(AE62, 10)*AG62 -> #NUM!
A63: Q8IJ78 | B63: Q8IJ78_PLAF7 | C63: PF3D7_1033000 | D63: 0.00031979533 | E63: 9 | F63: 9 | G63: 0 | H63: 87 | I63: 3966.5383 | J63: 3837.1323 | K63: 3604.533 | L63: 1889.4872 | M63: 3255.2429 | N63: 2332.2966 | O63: 4825.0327 | P63: 4462.9746 | Q63: 4177.0112 | R63: 6141.1138 | S63: 6711.7427 | T63: 4559.603 | AE63: 0 | AF63: 1 | AG63: 15.339743 | AH63: 12 | AI63: 0 | AJ63: 0 | AK63: sig. enriched in ATG18 | AL63: =SUM(I63:T63) -> 49762.708 | AM63: =SUM(U63:AC63) -> 0 | AN63: =AL63/#REF!*100 -> #REF! | AO63: =AM63/#REF!*100 -> #REF! | AP63: =AN63/AO63 -> #REF! | AQ63: =LOG(AP63,2) -> #REF! | AR63: =-LOG(AE63,10) -> #NUM! | AT63: =-LOG(AE63, 10)*AG63 -> #NUM!
A64: Q8IM77 | B64: YPFJ1_PLAF7 | C64: PF3D7_1401100 | D64: 0.0049686194 | E64: 3 | F64: 3 | G64: 0 | H64: 45 | I64: 2130.4221 | J64: 2026.8506 | K64: 1636.1777 | O64: 3280.4019 | P64: 5964.7954 | Q64: 3480.6414 | R64: 5862.3955 | S64: 8148.0317 | T64: 4963.7729 | AE64: 0 | AF64: 1 | AG64: 15.346356 | AH64: 9 | AI64: 0 | AJ64: 0 | AK64: sig. enriched in ATG18 | AL64: =SUM(I64:T64) -> 37493.489 | AM64: =SUM(U64:AC64) -> 0 | AN64: =AL64/#REF!*100 -> #REF! | AO64: =AM64/#REF!*100 -> #REF! | AP64: =AN64/AO64 -> #REF! | AQ64: =LOG(AP64,2) -> #REF! | AR64: =-LOG(AE64,10) -> #NUM! | AT64: =-LOG(AE64, 10)*AG64 -> #NUM!
A65: Q8I286 | B65: Q8I286_PLAF7 | C65: PF3D7_0105500 | D65: 0.051240992 | E65: 4 | F65: 4 | G65: 0 | H65: 57 | I65: 0 | J65: 3615.8901 | K65: 4261.6172 | N65: 326.72812 | O65: 2196.3721 | P65: 5767.7065 | Q65: 2068.7649 | R65: 7054.5093 | S65: 7816.2812 | T65: 4600.6123 | AE65: 0 | AF65: 1 | AG65: 15.354605 | AH65: 9 | AI65: 0 | AJ65: 0 | AK65: sig. enriched in ATG18 | AL65: =SUM(I65:T65) -> 37708.482 | AM65: =SUM(U65:AC65) -> 0 | AN65: =AL65/#REF!*100 -> #REF! | AO65: =AM65/#REF!*100 -> #REF! | AP65: =AN65/AO65 -> #REF! | AQ65: =LOG(AP65,2) -> #REF! | AR65: =-LOG(AE65,10) -> #NUM! | AT65: =-LOG(AE65, 10)*AG65 -> #NUM!
A66: Q8IKH4 | B66: Q8IKH4_PLAF7 | C66: PF3D7_1466200 | D66: 0.0015471893 | E66: 5 | F66: 5 | G66: 0 | H66: 303 | I66: 2736.0664 | J66: 3311.1887 | K66: 2518.334 | L66: 2062.5176 | O66: 5203.1475 | P66: 5619.0063 | Q66: 5363.0498 | R66: 5078.7339 | S66: 4611.5283 | T66: 5456.6201 | AE66: 0 | AF66: 1 | AG66: 15.356734 | AH66: 10 | AI66: 0 | AJ66: 0 | AK66: sig. enriched in ATG18 | AL66: =SUM(I66:T66) -> 41960.193 | AM66: =SUM(U66:AC66) -> 0 | AN66: =AL66/#REF!*100 -> #REF! | AO66: =AM66/#REF!*100 -> #REF! | AP66: =AN66/AO66 -> #REF! | AQ66: =LOG(AP66,2) -> #REF! | AR66: =-LOG(AE66,10) -> #NUM! | AT66: =-LOG(AE66, 10)*AG66 -> #NUM!
A67: Q8ILN1 | B67: Q8ILN1_PLAF7 | C67: PF3D7_1422100 | D67: 0.00031979533 | E67: 7 | F67: 7 | G67: 0 | H67: 60 | I67: 4036.2449 | J67: 4049.1931 | K67: 3760.7048 | L67: 2802.0837 | M67: 2773.4805 | N67: 2361.1331 | O67: 5737.2495 | P67: 6154.4292 | Q67: 4395.4434 | R67: 5550.5112 | S67: 5283.7266 | T67: 4091.7798 | AE67: 0 | AF67: 1 | AG67: 15.375061 | AH67: 12 | AI67: 0 | AJ67: 0 | AK67: sig. enriched in ATG18 | AL67: =SUM(I67:T67) -> 50995.98 | AM67: =SUM(U67:AC67) -> 0 | AN67: =AL67/#REF!*100 -> #REF! | AO67: =AM67/#REF!*100 -> #REF! | AP67: =AN67/AO67 -> #REF! | AQ67: =LOG(AP67,2) -> #REF! | AR67: =-LOG(AE67,10) -> #NUM! | AT67: =-LOG(AE67, 10)*AG67 -> #NUM!
A68: Q8IKR7 | B68: Q8IKR7_PLAF7 | C68: PF3D7_1456200 | D68: 0.00028003359 | E68: 8 | F68: 8 | G68: 0 | H68: 150 | I68: 2899.6135 | J68: 3490.3188 | K68: 2528.6956 | O68: 6038.2764 | P68: 7083.9414 | Q68: 2757.2114 | R68: 3427.2629 | S68: 4811.6924 | T68: 6154.6343 | AE68: 0 | AF68: 1 | AG68: 15.410262 | AH68: 9 | AI68: 0 | AJ68: 0 | AK68: sig. enriched in ATG18 | AL68: =SUM(I68:T68) -> 39191.647 | AM68: =SUM(U68:AC68) -> 0 | AN68: =AL68/#REF!*100 -> #REF! | AO68: =AM68/#REF!*100 -> #REF! | AP68: =AN68/AO68 -> #REF! | AQ68: =LOG(AP68,2) -> #REF! | AR68: =-LOG(AE68,10) -> #NUM! | AT68: =-LOG(AE68, 10)*AG68 -> #NUM!
A69: A0A5K1K8A0 | B69: A0A5K1K8A0_PLAF7 | C69: PF3D7_0828100 | D69: 0.018610422 | E69: 5 | F69: 5 | G69: 0 | H69: 131 | I69: 3403.8628 | J69: 4383.6392 | K69: 3972.1775 | L69: 3795.6155 | M69: 5366.7568 | N69: 2532.0093 | O69: 4107.5874 | P69: 5967.7827 | Q69: 6591.647 | R69: 4276.4937 | S69: 2300.0676 | T69: 6481.8472 | AE69: 0 | AF69: 1 | AG69: 15.435548 | AH69: 12 | AI69: 0 | AJ69: 0 | AK69: sig. enriched in ATG18 | AL69: =SUM(I69:T69) -> 53179.487 | AM69: =SUM(U69:AC69) -> 0 | AN69: =AL69/#REF!*100 -> #REF! | AO69: =AM69/#REF!*100 -> #REF! | AP69: =AN69/AO69 -> #REF! | AQ69: =LOG(AP69,2) -> #REF! | AR69: =-LOG(AE69,10) -> #NUM! | AT69: =-LOG(AE69, 10)*AG69 -> #NUM!
A70: Q8IJF5 | B70: Q8IJF5_PLAF7 | C70: PF3D7_1024900 | D70: 0.00031979533 | E70: 12 | F70: 12 | G70: 0 | H70: 182 | I70: 3812.6775 | J70: 4306.1924 | K70: 3648.8022 | L70: 3421.1101 | M70: 4609.9966 | N70: 3624.9314 | O70: 5480.9854 | P70: 5542.1406 | Q70: 4220.7939 | R70: 5470.1436 | S70: 4304.5649 | T70: 5008.1743 | AE70: 0 | AF70: 1 | AG70: 15.442882 | AH70: 12 | AI70: 0 | AJ70: 0 | AK70: sig. enriched in ATG18 | AL70: =SUM(I70:T70) -> 53450.513 | AM70: =SUM(U70:AC70) -> 0 | AN70: =AL70/#REF!*100 -> #REF! | AO70: =AM70/#REF!*100 -> #REF! | AP70: =AN70/AO70 -> #REF! | AQ70: =LOG(AP70,2) -> #REF! | AR70: =-LOG(AE70,10) -> #NUM! | AT70: =-LOG(AE70, 10)*AG70 -> #NUM!
A71: C6KTF8 | B71: C6KTF8_PLAF7 | C71: PF3D7_0632700 | D71: 0.0069911964 | E71: 3 | F71: 2 | G71: 1 | H71: 43 | I71: 3431.1975 | J71: 3608.7617 | K71: 2675.5276 | O71: 3772.1028 | P71: 5807.4082 | Q71: 5618.9727 | R71: 5048.4932 | S71: 5264.4111 | T71: 4901.48 | AE71: 0 | AF71: 1 | AG71: 15.444337 | AH71: 9 | AI71: 0 | AJ71: 0 | AK71: sig. enriched in ATG18 | AL71: =SUM(I71:T71) -> 40128.355 | AM71: =SUM(U71:AC71) -> 0 | AN71: =AL71/#REF!*100 -> #REF! | AO71: =AM71/#REF!*100 -> #REF! | AP71: =AN71/AO71 -> #REF! | AQ71: =LOG(AP71,2) -> #REF! | AR71: =-LOG(AE71,10) -> #NUM! | AT71: =-LOG(AE71, 10)*AG71 -> #NUM!
A72: Q8I507 | B72: Q8I507_PLAF7 | C72: PF3D7_1242200 | D72: 0.0094847474 | E72: 2 | F72: 2 | G72: 0 | H72: 93 | I72: 2661.946 | J72: 2390.9246 | K72: 4316.0044 | M72: 1870.1774 | O72: 6500.5781 | P72: 4644.8164 | R72: 6770.6548 | S72: 5196.3013 | T72: 5914.6206 | AE72: 0 | AF72: 1 | AG72: 15.449278 | AH72: 9 | AI72: 0 | AJ72: 0 | AK72: sig. enriched in ATG18 | AL72: =SUM(I72:T72) -> 40266.024 | AM72: =SUM(U72:AC72) -> 0 | AN72: =AL72/#REF!*100 -> #REF! | AO72: =AM72/#REF!*100 -> #REF! | AP72: =AN72/AO72 -> #REF! | AQ72: =LOG(AP72,2) -> #REF! | AR72: =-LOG(AE72,10) -> #NUM! | AT72: =-LOG(AE72, 10)*AG72 -> #NUM!
A73: Q8I715 | B73: Q8I715_PLAF7 | C73: PF3D7_1018000 | D73: 0.085810289 | E73: 6 | F73: 6 | G73: 0 | H73: 85 | I73: 4451.5684 | J73: 6323.1343 | K73: 5453.8711 | L73: 1566.381 | N73: 995.80341 | O73: 4076.8899 | P73: 4461.4854 | Q73: 3085.4448 | R73: 5885.9746 | S73: 8097.8789 | T73: 5408.1074 | AE73: 0 | AF73: 1 | AG73: 15.466544 | AH73: 11 | AI73: 0 | AJ73: 0 | AK73: sig. enriched in ATG18 | AL73: =SUM(I73:T73) -> 49806.539 | AM73: =SUM(U73:AC73) -> 0 | AN73: =AL73/#REF!*100 -> #REF! | AO73: =AM73/#REF!*100 -> #REF! | AP73: =AN73/AO73 -> #REF! | AQ73: =LOG(AP73,2) -> #REF! | AR73: =-LOG(AE73,10) -> #NUM! | AT73: =-LOG(AE73, 10)*AG73 -> #NUM!
A74: Q8I2P4 | B74: Q8I2P4_PLAF7 | C74: PF3D7_0926500 | D74: 0.0009363296 | E74: 5 | F74: 5 | G74: 0 | H74: 304 | I74: 4347.3247 | J74: 4272.0225 | K74: 2076.1628 | L74: 4373.0156 | M74: 5222.8105 | N74: 2382.8801 | O74: 4226.9365 | P74: 5820.167 | Q74: 4342.2197 | R74: 4522.5723 | S74: 6865.8682 | T74: 6034.0781 | AE74: 0 | AF74: 1 | AG74: 15.470565 | AH74: 12 | AI74: 0 | AJ74: 0 | AK74: sig. enriched in ATG18 | AL74: =SUM(I74:T74) -> 54486.058 | AM74: =SUM(U74:AC74) -> 0 | AN74: =AL74/#REF!*100 -> #REF! | AO74: =AM74/#REF!*100 -> #REF! | AP74: =AN74/AO74 -> #REF! | AQ74: =LOG(AP74,2) -> #REF! | AR74: =-LOG(AE74,10) -> #NUM! | AT74: =-LOG(AE74, 10)*AG74 -> #NUM!
A75: O96190 | B75: O96190_PLAF7 | C75: PF3D7_0210800 | D75: 0.059460759 | E75: 4 | F75: 4 | G75: 0 | H75: 79 | I75: 5567.7085 | J75: 4475.7583 | K75: 4671.4395 | M75: 2853.0598 | N75: 830.04059 | O75: 3927.2192 | P75: 4105.5581 | Q75: 3113.5315 | R75: 8150.5762 | S75: 8159.0928 | T75: 5639.9458 | AE75: 0 | AF75: 1 | AG75: 15.514611 | AH75: 11 | AI75: 0 | AJ75: 0 | AK75: sig. enriched in ATG18 | AL75: =SUM(I75:T75) -> 51493.93 | AM75: =SUM(U75:AC75) -> 0 | AN75: =AL75/#REF!*100 -> #REF! | AO75: =AM75/#REF!*100 -> #REF! | AP75: =AN75/AO75 -> #REF! | AQ75: =LOG(AP75,2) -> #REF! | AR75: =-LOG(AE75,10) -> #NUM! | AT75: =-LOG(AE75, 10)*AG75 -> #NUM!
A76: Q8IIP8 | B76: Q8IIP8_PLAF7 | C76: PF3D7_1111400 | D76: 0.004056795 | E76: 2 | F76: 2 | G76: 0 | H76: 28 | I76: 4040.0515 | J76: 5271.0654 | K76: 4046.8499 | O76: 4842.5596 | P76: 3782.3779 | Q76: 4343.2578 | R76: 3705.8955 | S76: 5349.4985 | T76: 7067.1001 | AE76: 0 | AF76: 1 | AG76: 15.525434 | AH76: 9 | AI76: 0 | AJ76: 0 | AK76: sig. enriched in ATG18 | AL76: =SUM(I76:T76) -> 42448.656 | AM76: =SUM(U76:AC76) -> 0 | AN76: =AL76/#REF!*100 -> #REF! | AO76: =AM76/#REF!*100 -> #REF! | AP76: =AN76/AO76 -> #REF! | AQ76: =LOG(AP76,2) -> #REF! | AR76: =-LOG(AE76,10) -> #NUM! | AT76: =-LOG(AE76, 10)*AG76 -> #NUM!
A77: Q8I3X9 | B77: Q8I3X9_PLAF7 | C77: PF3D7_0512800 | D77: 0.00031979533 | E77: 10 | F77: 10 | G77: 0 | H77: 268 | I77: 4245.0527 | J77: 3613.9612 | K77: 3821.0186 | L77: 4051.5732 | M77: 4993.9443 | N77: 3887.4634 | O77: 4279.5034 | P77: 7231.5713 | Q77: 4778.6616 | R77: 4897.3335 | S77: 6598.9453 | T77: 5612.4136 | AE77: 0 | AF77: 1 | AG77: 15.561015 | AH77: 12 | AI77: 0 | AJ77: 0 | AK77: sig. enriched in ATG18 | AL77: =SUM(I77:T77) -> 58011.442 | AM77: =SUM(U77:AC77) -> 0 | AN77: =AL77/#REF!*100 -> #REF! | AO77: =AM77/#REF!*100 -> #REF! | AP77: =AN77/AO77 -> #REF! | AQ77: =LOG(AP77,2) -> #REF! | AR77: =-LOG(AE77,10) -> #NUM! | AT77: =-LOG(AE77, 10)*AG77 -> #NUM!
A78: Q8IE17 | B78: Q8IE17_PLAF7 | C78: PF3D7_1331000 | D78: 0.0046035806 | E78: 5 | F78: 5 | G78: 0 | H78: 85 | I78: 6027.3481 | J78: 5407.3721 | K78: 6540.8525 | L78: 1996.7386 | M78: 3308.7412 | N78: 2401.8306 | O78: 4518.6733 | P78: 4728.9468 | Q78: 4077.0688 | R78: 7634.7954 | S78: 5909.7578 | T78: 5901.1641 | AE78: 0 | AF78: 1 | AG78: 15.571962 | AH78: 12 | AI78: 0 | AJ78: 0 | AK78: sig. enriched in ATG18 | AL78: =SUM(I78:T78) -> 58453.289 | AM78: =SUM(U78:AC78) -> 0 | AN78: =AL78/#REF!*100 -> #REF! | AO78: =AM78/#REF!*100 -> #REF! | AP78: =AN78/AO78 -> #REF! | AQ78: =LOG(AP78,2) -> #REF! | AR78: =-LOG(AE78,10) -> #NUM! | AT78: =-LOG(AE78, 10)*AG78 -> #NUM!
A79: C6KT73 | B79: C6KT73_PLAF7 | C79: PF3D7_0623700 | D79: 0.00031979533 | E79: 7 | F79: 7 | G79: 0 | H79: 160 | I79: 4012.6677 | J79: 4137.6558 | K79: 4573.5063 | L79: 4718.7134 | M79: 3537.9478 | N79: 3182.8389 | O79: 6302.022 | P79: 8790.4473 | Q79: 6585.0596 | R79: 5392.6509 | S79: 8094.5864 | T79: 4759.8394 | AE79: 0 | AF79: 1 | AG79: 15.704731 | AH79: 12 | AI79: 0 | AJ79: 0 | AK79: sig. enriched in ATG18 | AL79: =SUM(I79:T79) -> 64087.935 | AM79: =SUM(U79:AC79) -> 0 | AN79: =AL79/#REF!*100 -> #REF! | AO79: =AM79/#REF!*100 -> #REF! | AP79: =AN79/AO79 -> #REF! | AQ79: =LOG(AP79,2) -> #REF! | AR79: =-LOG(AE79,10) -> #NUM! | AT79: =-LOG(AE79, 10)*AG79 -> #NUM!
A80: A0A5K1K8H8 | B80: A0A5K1K8H8_PLAF7 | C80: PF3D7_0508600 | D80: 0.065040648 | E80: 3 | F80: 3 | G80: 0 | H80: 31 | I80: 3767.418 | J80: 5434.7427 | K80: 3310.1187 | L80: 3439.6587 | M80: 3891.8088 | O80: 5728.0791 | P80: 7024.187 | Q80: 4032.5105 | R80: 9568.9834 | S80: 8132.7212 | T80: 5295.1265 | AE80: 0 | AF80: 1 | AG80: 15.726135 | AH80: 11 | AI80: 0 | AJ80: 0 | AK80: sig. enriched in ATG18 | AL80: =SUM(I80:T80) -> 59625.354 | AM80: =SUM(U80:AC80) -> 0 | AN80: =AL80/#REF!*100 -> #REF! | AO80: =AM80/#REF!*100 -> #REF! | AP80: =AN80/AO80 -> #REF! | AQ80: =LOG(AP80,2) -> #REF! | AR80: =-LOG(AE80,10) -> #NUM! | AT80: =-LOG(AE80, 10)*AG80 -> #NUM!
A81: C6KST1 | B81: C6KST1_PLAF7 | C81: PF3D7_0608300 | D81: 0.00031979533 | E81: 9 | F81: 9 | G81: 0 | H81: 205 | I81: 4301.2676 | J81: 5109.1733 | K81: 3754.3669 | L81: 4515.8984 | M81: 3980.9089 | N81: 3693.71 | O81: 5389.1611 | P81: 8128.8022 | Q81: 5628.915 | R81: 7226.1758 | S81: 10032.297 | T81: 6564.6377 | AE81: 0 | AF81: 1 | AG81: 15.797098 | AH81: 12 | AI81: 0 | AJ81: 0 | AK81: sig. enriched in ATG18 | AL81: =SUM(I81:T81) -> 68325.314 | AM81: =SUM(U81:AC81) -> 0 | AN81: =AL81/#REF!*100 -> #REF! | AO81: =AM81/#REF!*100 -> #REF! | AP81: =AN81/AO81 -> #REF! | AQ81: =LOG(AP81,2) -> #REF! | AR81: =-LOG(AE81,10) -> #NUM! | AT81: =-LOG(AE81, 10)*AG81 -> #NUM!
A82: Q8IKN2 | B82: Q8IKN2_PLAF7 | C82: PF3D7_1459900 | D82: 0.0024350649 | E82: 2 | F82: 2 | G82: 0 | H82: 4 | I82: 2010.58 | J82: 1765.3451 | K82: 1232.6918 | O82: 6043.1748 | P82: 9454.2051 | Q82: 6963.3257 | R82: 7459.1602 | S82: 10239.29 | T82: 6792.126 | AE82: 0 | AF82: 1 | AG82: 15.817114 | AH82: 9 | AI82: 0 | AJ82: 0 | AK82: sig. enriched in ATG18 | AL82: =SUM(I82:T82) -> 51959.899 | AM82: =SUM(U82:AC82) -> 0 | AN82: =AL82/#REF!*100 -> #REF! | AO82: =AM82/#REF!*100 -> #REF! | AP82: =AN82/AO82 -> #REF! | AQ82: =LOG(AP82,2) -> #REF! | AR82: =-LOG(AE82,10) -> #NUM! | AT82: =-LOG(AE82, 10)*AG82 -> #NUM!
A83: C6KSM9 | B83: C6KSM9_PLAF7 | C83: PF3D7_0602900 | D83: 0.00031979533 | E83: 10 | F83: 10 | G83: 0 | H83: 73 | I83: 4145.0435 | J83: 5396.3237 | K83: 4899.2295 | L83: 5772.627 | M83: 7133.3687 | N83: 5461.7041 | O83: 7639.356 | P83: 6227.7847 | Q83: 5716.04 | R83: 5521.542 | S83: 7294.4878 | T83: 6557.7529 | AE83: 0 | AF83: 1 | AG83: 15.867964 | AH83: 12 | AI83: 0 | AJ83: 0 | AK83: sig. enriched in ATG18 | AL83: =SUM(I83:T83) -> 71765.26 | AM83: =SUM(U83:AC83) -> 0 | AN83: =AL83/#REF!*100 -> #REF! | AO83: =AM83/#REF!*100 -> #REF! | AP83: =AN83/AO83 -> #REF! | AQ83: =LOG(AP83,2) -> #REF! | AR83: =-LOG(AE83,10) -> #NUM! | AT83: =-LOG(AE83, 10)*AG83 -> #NUM!
A84: Q8IBF9 | B84: Q8IBF9_PLAF7 | C84: PF3D7_0730100 | D84: 0.00031979533 | E84: 12 | F84: 12 | G84: 0 | H84: 151 | I84: 7041.7886 | J84: 5923.5537 | K84: 4554.0195 | L84: 3455.4197 | M84: 3235.4517 | N84: 2490.7468 | O84: 6905.6509 | P84: 6756.7598 | Q84: 7508.3145 | R84: 8460.9814 | S84: 10469.969 | T84: 8363.6709 | AE84: 0 | AF84: 1 | AG84: 15.934764 | AH84: 12 | AI84: 0 | AJ84: 0 | AK84: sig. enriched in ATG18 | AL84: =SUM(I84:T84) -> 75166.326 | AM84: =SUM(U84:AC84) -> 0 | AN84: =AL84/#REF!*100 -> #REF! | AO84: =AM84/#REF!*100 -> #REF! | AP84: =AN84/AO84 -> #REF! | AQ84: =LOG(AP84,2) -> #REF! | AR84: =-LOG(AE84,10) -> #NUM! | AT84: =-LOG(AE84, 10)*AG84 -> #NUM!
A85: Q8IJ26 | B85: Q8IJ26_PLAF7 | C85: PF3D7_1038500 | D85: 0.00031979533 | E85: 4 | F85: 4 | G85: 0 | H85: 46 | I85: 5575.7178 | J85: 8213.1396 | K85: 4561.2061 | L85: 3087.1995 | M85: 3713.5159 | N85: 2454.574 | O85: 7083.2378 | P85: 9295.4844 | Q85: 6369.0186 | R85: 8354.4268 | S85: 9111.8945 | T85: 7700.5518 | AE85: 0 | AF85: 1 | AG85: 15.941536 | AH85: 12 | AI85: 0 | AJ85: 0 | AK85: sig. enriched in ATG18 | AL85: =SUM(I85:T85) -> 75519.967 | AM85: =SUM(U85:AC85) -> 0 | AN85: =AL85/#REF!*100 -> #REF! | AO85: =AM85/#REF!*100 -> #REF! | AP85: =AN85/AO85 -> #REF! | AQ85: =LOG(AP85,2) -> #REF! | AR85: =-LOG(AE85,10) -> #NUM! | AT85: =-LOG(AE85, 10)*AG85 -> #NUM!
A86: Q8I5A8 | B86: Q8I5A8_PLAF7 | C86: PF3D7_1231200 | D86: 0.00031979533 | E86: 4 | F86: 4 | G86: 0 | H86: 42 | I86: 6347.7603 | J86: 6267.7324 | K86: 5569.6187 | L86: 3997.1409 | M86: 5545.8872 | N86: 4147.165 | O86: 5051.9224 | P86: 7804.7642 | Q86: 5712.6001 | R86: 10649.617 | S86: 12832.881 | T86: 9346.8955 | AE86: 0 | AF86: 1 | AG86: 16.082544 | AH86: 12 | AI86: 0 | AJ86: 0 | AK86: sig. enriched in ATG18 | AL86: =SUM(I86:T86) -> 83273.985 | AM86: =SUM(U86:AC86) -> 0 | AN86: =AL86/#REF!*100 -> #REF! | AO86: =AM86/#REF!*100 -> #REF! | AP86: =AN86/AO86 -> #REF! | AQ86: =LOG(AP86,2) -> #REF! | AR86: =-LOG(AE86,10) -> #NUM! | AT86: =-LOG(AE86, 10)*AG86 -> #NUM!
A87: C0H4W4 | B87: C0H4W4_PLAF7 | C87: PF3D7_0820100 | D87: 0.078121252 | E87: 4 | F87: 4 | G87: 0 | H87: 61 | I87: 7018.1396 | J87: 8512.7188 | K87: 7790.374 | L87: 1715.6956 | O87: 6055.9717 | P87: 6641.2051 | Q87: 3151.1018 | R87: 9005.7676 | S87: 11848.758 | T87: 8057.6074 | AE87: 0 | AF87: 1 | AG87: 16.090884 | AH87: 10 | AI87: 0 | AJ87: 0 | AK87: sig. enriched in ATG18 | AL87: =SUM(I87:T87) -> 69797.339 | AM87: =SUM(U87:AC87) -> 0 | AN87: =AL87/#REF!*100 -> #REF! | AO87: =AM87/#REF!*100 -> #REF! | AP87: =AN87/AO87 -> #REF! | AQ87: =LOG(AP87,2) -> #REF! | AR87: =-LOG(AE87,10) -> #NUM! | AT87: =-LOG(AE87, 10)*AG87 -> #NUM!
A88: C6S3I5 | B88: C6S3I5_PLAF7 | C88: PF3D7_1436400 | D88: 0.00031979533 | E88: 12 | F88: 12 | G88: 0 | H88: 182 | I88: 4859.3979 | J88: 6845.5093 | K88: 4821.4668 | L88: 4627.3145 | M88: 5890.0977 | N88: 3484.562 | O88: 9726.1611 | P88: 8684.0957 | Q88: 7481.7217 | R88: 8793.7383 | S88: 11101.957 | T88: 8481.8721 | AE88: 0 | AF88: 1 | AG88: 16.108706 | AH88: 12 | AI88: 0 | AJ88: 0 | AK88: sig. enriched in ATG18 | AL88: =SUM(I88:T88) -> 84797.894 | AM88: =SUM(U88:AC88) -> 0 | AN88: =AL88/#REF!*100 -> #REF! | AO88: =AM88/#REF!*100 -> #REF! | AP88: =AN88/AO88 -> #REF! | AQ88: =LOG(AP88,2) -> #REF! | AR88: =-LOG(AE88,10) -> #NUM! | AT88: =-LOG(AE88, 10)*AG88 -> #NUM!
A89: Q8ILD6 | B89: Q8ILD6_PLAF7 | C89: PF3D7_1432600 | D89: 0.001826484 | E89: 6 | F89: 6 | G89: 0 | H89: 185 | I89: 8361.2188 | J89: 10824.12 | K89: 5956.6968 | L89: 4012.8801 | M89: 4299.1992 | N89: 3800.5 | O89: 8389.2734 | P89: 8408.6396 | Q89: 8013.5483 | R89: 9777.0107 | S89: 8671.251 | T89: 6878.0469 | AE89: 0 | AF89: 1 | AG89: 16.152186 | AH89: 12 | AI89: 0 | AJ89: 0 | AK89: sig. enriched in ATG18 | AL89: =SUM(I89:T89) -> 87392.385 | AM89: =SUM(U89:AC89) -> 0 | AN89: =AL89/#REF!*100 -> #REF! | AO89: =AM89/#REF!*100 -> #REF! | AP89: =AN89/AO89 -> #REF! | AQ89: =LOG(AP89,2) -> #REF! | AR89: =-LOG(AE89,10) -> #NUM! | AT89: =-LOG(AE89, 10)*AG89 -> #NUM!
A90: Q8I3P7 | B90: Q8I3P7_PLAF7 | C90: PF3D7_0521500 | D90: 0.026605751 | E90: 7 | F90: 7 | G90: 0 | H90: 78 | I90: 2859.345 | J90: 5516.7607 | K90: 4165.2417 | M90: 1317.0181 | N90: 2118.1785 | O90: 13544.886 | P90: 16293.944 | Q90: 9402.1279 | R90: 9560.5107 | S90: 9415.9795 | T90: 7799.2129 | AC90: 0 | AE90: 0 | AF90: 1 | AG90: 16.185713 | AH90: 11 | AI90: 0 | AJ90: 0 | AK90: sig. enriched in ATG18 | AL90: =SUM(I90:T90) -> 81993.205 | AM90: =SUM(U90:AC90) -> 0 | AN90: =AL90/#REF!*100 -> #REF! | AO90: =AM90/#REF!*100 -> #REF! | AP90: =AN90/AO90 -> #REF! | AQ90: =LOG(AP90,2) -> #REF! | AR90: =-LOG(AE90,10) -> #NUM! | AT90: =-LOG(AE90, 10)*AG90 -> #NUM!
A91: C0H4V2 | B91: C0H4V2_PLAF7 | C91: PF3D7_0817100 | D91: 0.0017772511 | E91: 5 | F91: 5 | G91: 0 | H91: 131 | I91: 8411.1143 | J91: 6800.9727 | K91: 6275.9858 | L91: 3289.2817 | M91: 4291.9106 | N91: 1470.1937 | O91: 8332.6602 | P91: 12453.392 | Q91: 7854.6704 | R91: 10746.054 | S91: 11958.893 | T91: 9153.5762 | AE91: 0 | AF91: 1 | AG91: 16.211158 | AH91: 12 | AI91: 0 | AJ91: 0 | AK91: sig. enriched in ATG18 | AL91: =SUM(I91:T91) -> 91038.703 | AM91: =SUM(U91:AC91) -> 0 | AN91: =AL91/#REF!*100 -> #REF! | AO91: =AM91/#REF!*100 -> #REF! | AP91: =AN91/AO91 -> #REF! | AQ91: =LOG(AP91,2) -> #REF! | AR91: =-LOG(AE91,10) -> #NUM! | AT91: =-LOG(AE91, 10)*AG91 -> #NUM!
A92: Q8IKP0 | B92: Q8IKP0_PLAF7 | C92: PF3D7_1459100 | D92: 0.00031979533 | E92: 14 | F92: 13 | G92: 1 | H92: 131 | I92: 8043.6846 | J92: 8146.0366 | K92: 6473.4141 | L92: 5200.4375 | M92: 6102.3657 | N92: 3960.0181 | O92: 8174.1367 | P92: 8097.1377 | Q92: 8086.0981 | R92: 10910.096 | S92: 10740.574 | T92: 8163.1182 | AE92: 0 | AF92: 1 | AG92: 16.227834 | AH92: 12 | AI92: 0 | AJ92: 0 | AK92: sig. enriched in ATG18 | AL92: =SUM(I92:T92) -> 92097.117 | AM92: =SUM(U92:AC92) -> 0 | AN92: =AL92/#REF!*100 -> #REF! | AO92: =AM92/#REF!*100 -> #REF! | AP92: =AN92/AO92 -> #REF! | AQ92: =LOG(AP92,2) -> #REF! | AR92: =-LOG(AE92,10) -> #NUM! | AT92: =-LOG(AE92, 10)*AG92 -> #NUM!
A93: Q8I2A3 | B93: Q8I2A3_PLAF7 | C93: PF3D7_0103700 | D93: 0.074150898 | E93: 8 | F93: 8 | G93: 0 | H93: 98 | I93: 8970.8047 | J93: 10976.709 | K93: 8895.0576 | L93: 3274.9812 | M93: 4938.3501 | N93: 1014.1229 | O93: 8253.9502 | P93: 8166.2808 | Q93: 6790.3926 | R93: 10300.542 | S93: 10417.754 | T93: 10518.3 | AA93: 0 | AE93: 0 | AF93: 1 | AG93: 16.2344 | AH93: 12 | AI93: 0 | AJ93: 0 | AK93: sig. enriched in ATG18 | AL93: =SUM(I93:T93) -> 92517.245 | AM93: =SUM(U93:AC93) -> 0 | AN93: =AL93/#REF!*100 -> #REF! | AO93: =AM93/#REF!*100 -> #REF! | AP93: =AN93/AO93 -> #REF! | AQ93: =LOG(AP93,2) -> #REF! | AR93: =-LOG(AE93,10) -> #NUM! | AT93: =-LOG(AE93, 10)*AG93 -> #NUM!
A94: B9ZSI8 | B94: B9ZSI8_PLAF7 | C94: PF3D7_0109850 | D94: 0.044121604 | E94: 4 | F94: 4 | G94: 0 | H94: 47 | J94: 6191.1147 | K94: 5991.0967 | L94: 5485.3193 | M94: 5505.5376 | N94: 4871.1895 | O94: 5864.064 | P94: 5784.2939 | Q94: 6838.2812 | R94: 14785.85 | S94: 16908.232 | T94: 15420.561 | AE94: 0 | AF94: 1 | AG94: 16.377419 | AH94: 11 | AI94: 0 | AJ94: 0 | AK94: sig. enriched in ATG18 | AL94: =SUM(I94:T94) -> 93645.54 | AM94: =SUM(U94:AC94) -> 0 | AN94: =AL94/#REF!*100 -> #REF! | AO94: =AM94/#REF!*100 -> #REF! | AP94: =AN94/AO94 -> #REF! | AQ94: =LOG(AP94,2) -> #REF! | AR94: =-LOG(AE94,10) -> #NUM! | AT94: =-LOG(AE94, 10)*AG94 -> #NUM!
A95: Q8I376 | B95: Q8I376_PLAF7 | C95: PF3D7_0907500 | D95: 0.017852161 | E95: 3 | F95: 3 | G95: 0 | H95: 31 | I95: 6705.3442 | J95: 5161.2383 | K95: 4617.9341 | L95: 3906.1665 | M95: 3936.4165 | N95: 2827.5859 | O95: 14040.374 | P95: 18973.172 | Q95: 12851.499 | R95: 9936.623 | S95: 10065.423 | T95: 10491.267 | AE95: 0 | AF95: 1 | AG95: 16.396419 | AH95: 12 | AI95: 0 | AJ95: 0 | AK95: sig. enriched in ATG18 | AL95: =SUM(I95:T95) -> 103513.04 | AM95: =SUM(U95:AC95) -> 0 | AN95: =AL95/#REF!*100 -> #REF! | AO95: =AM95/#REF!*100 -> #REF! | AP95: =AN95/AO95 -> #REF! | AQ95: =LOG(AP95,2) -> #REF! | AR95: =-LOG(AE95,10) -> #NUM! | AT95: =-LOG(AE95, 10)*AG95 -> #NUM!
A96: Q8IJE5 | B96: Q8IJE5_PLAF7 | C96: PF3D7_1025700 | D96: 0.00053361792 | E96: 3 | F96: 3 | G96: 0 | H96: 33 | I96: 6482.4355 | J96: 5670.166 | K96: 5181.4756 | O96: 10180.619 | P96: 12374.659 | Q96: 7756.4688 | R96: 9199.7666 | S96: 13005.333 | T96: 9183.5195 | AE96: 0 | AF96: 1 | AG96: 16.422197 | AH96: 9 | AI96: 0 | AJ96: 0 | AK96: sig. enriched in ATG18 | AL96: =SUM(I96:T96) -> 79034.443 | AM96: =SUM(U96:AC96) -> 0 | AN96: =AL96/#REF!*100 -> #REF! | AO96: =AM96/#REF!*100 -> #REF! | AP96: =AN96/AO96 -> #REF! | AQ96: =LOG(AP96,2) -> #REF! | AR96: =-LOG(AE96,10) -> #NUM! | AT96: =-LOG(AE96, 10)*AG96 -> #NUM!
A97: C6S3C7 | B97: C6S3C7_PLAF7 | C97: PF3D7_1016600 | D97: 0.028473245 | E97: 2 | F97: 2 | G97: 0 | H97: 45 | I97: 5317.188 | J97: 8037.2705 | K97: 9326.6133 | L97: 999.49554 | M97: 3101.8716 | O97: 14281.006 | P97: 19426.928 | Q97: 9682.1133 | R97: 9972.5703 | S97: 12489.403 | AE97: 0 | AF97: 1 | AG97: 16.499261 | AH97: 10 | AI97: 0 | AJ97: 0 | AK97: sig. enriched in ATG18 | AL97: =SUM(I97:T97) -> 92634.459 | AM97: =SUM(U97:AC97) -> 0 | AN97: =AL97/#REF!*100 -> #REF! | AO97: =AM97/#REF!*100 -> #REF! | AP97: =AN97/AO97 -> #REF! | AQ97: =LOG(AP97,2) -> #REF! | AR97: =-LOG(AE97,10) -> #NUM! | AT97: =-LOG(AE97, 10)*AG97 -> #NUM!
A98: Q8IJY3 | B98: Q8IJY3_PLAF7 | C98: PF3D7_1005700 | D98: 0.00031979533 | E98: 10 | F98: 10 | G98: 0 | H98: 115 | I98: 8066.2676 | J98: 8953.3096 | K98: 6832.2144 | L98: 3056.8152 | M98: 4782.0444 | N98: 4271.1831 | O98: 9839.1982 | P98: 12331.839 | Q98: 8311.7432 | R98: 15399.711 | S98: 17468.346 | T98: 13423.009 | AE98: 0 | AF98: 1 | AG98: 16.51955 | AH98: 12 | AI98: 0 | AJ98: 0 | AK98: sig. enriched in ATG18 | AL98: =SUM(I98:T98) -> 112735.68 | AM98: =SUM(U98:AC98) -> 0 | AN98: =AL98/#REF!*100 -> #REF! | AO98: =AM98/#REF!*100 -> #REF! | AP98: =AN98/AO98 -> #REF! | AQ98: =LOG(AP98,2) -> #REF! | AR98: =-LOG(AE98,10) -> #NUM! | AT98: =-LOG(AE98, 10)*AG98 -> #NUM!
A99: C6KT48 | B99: C6KT48_PLAF7 | C99: PF3D7_0621000 | D99: 0.014260695 | E99: 3 | F99: 3 | G99: 0 | H99: 134 | I99: 4462.666 | J99: 7971.7007 | K99: 3944.4919 | O99: 7347.9346 | P99: 12205.429 | Q99: 11372.837 | R99: 10958.563 | S99: 16924.375 | T99: 19394.973 | AE99: 0 | AF99: 1 | AG99: 16.681296 | AH99: 9 | AI99: 0 | AJ99: 0 | AK99: sig. enriched in ATG18 | AL99: =SUM(I99:T99) -> 94582.97 | AM99: =SUM(U99:AC99) -> 0 | AN99: =AL99/#REF!*100 -> #REF! | AO99: =AM99/#REF!*100 -> #REF! | AP99: =AN99/AO99 -> #REF! | AQ99: =LOG(AP99,2) -> #REF! | AR99: =-LOG(AE99,10) -> #NUM! | AT99: =-LOG(AE99, 10)*AG99 -> #NUM!
A100: Q8I5P7 | B100: SYSC_PLAF7 | C100: PF3D7_1216000 | D100: 0.00031979533 | E100: 21 | F100: 21 | G100: 0 | H100: 107 | I100: 12444.09 | J100: 14270.838 | K100: 10696.559 | L100: 4047.9536 | M100: 3813.7695 | N100: 2480.4348 | O100: 12717.406 | P100: 15292.812 | Q100: 12176.87 | R100: 16259.543 | S100: 15980.782 | T100: 15369.922 | AE100: 0 | AF100: 1 | AG100: 16.785442 | AH100: 12 | AI100: 0 | AJ100: 0 | AK100: sig. enriched in ATG18 | AL100: =SUM(I100:T100) -> 135550.98 | AM100: =SUM(U100:AC100) -> 0 | AN100: =AL100/#REF!*100 -> #REF! | AO100: =AM100/#REF!*100 -> #REF! | AP100: =AN100/AO100 -> #REF! | AQ100: =LOG(AP100,2) -> #REF! | AR100: =-LOG(AE100,10) -> #NUM! | AT100: =-LOG(AE100, 10)*AG100 -> #NUM!
...

Sheet Correlation
C1: ATG18 | D1: ATG18 | E1: ATG18 | F1: ATG18 | G1: ATG18 | H1: ATG18 | I1: ATG18 | J1: ATG18 | K1: ATG18 | L1: ATG18 | M1: ATG18 | N1: ATG18 | O1: B11 | P1: B11 | Q1: B11 | R1: B11 | S1: B11 | T1: B11 | U1: B11 | V1: B11 | W1: B11
C2: ATG18_2_1 | D2: ATG18_2_2 | E2: ATG18_2_3 | F2: ATG18_3_1 | G2: ATG18_3_2 | H2: ATG18_3_3 | I2: ATG18_4_1 | J2: ATG18_4_2 | K2: ATG18_4_3 | L2: ATG18_5_1 | M2: ATG18_5_2 | N2: ATG18_5_3 | O2: B11_3_1 | P2: B11_3_2 | Q2: B11_3_3 | R2: B11_4_1 | S2: B11_4_2 | T2: B11_4_3 | U2: B11_5_1 | V2: B11_5_2 | W2: B11_5_3
A3: ATG18 | B3: ATG18_2_1 | C3: =CORREL(INDEX(MaxLFQ_Intensities_processed!$H$2:$AI$3990,0,1+(ROW(C3)-3)), MaxLFQ_Intensities_processed!H2:H3990) -> 1 | D3: =CORREL(INDEX(MaxLFQ_Intensities_processed!$H$2:$AI$3990,0,1+(ROW(D3)-3)), MaxLFQ_Intensities_processed!I2:I3990) -> -0.091864783 | E3: =CORREL(INDEX(MaxLFQ_Intensities_processed!$H$2:$AI$3990,0,1+(ROW(E3)-3)), MaxLFQ_Intensities_processed!J2:J3990) -> -0.090435764 | F3: =CORREL(INDEX(MaxLFQ_Intensities_processed!$H$2:$AI$3990,0,1+(ROW(F3)-3)), MaxLFQ_Intensities_processed!K2:K3990) -> -0.091365925 | G3: =CORREL(INDEX(MaxLFQ_Intensities_processed!$H$2:$AI$3990,0,1+(ROW(G3)-3)), MaxLFQ_Intensities_processed!L2:L3990) -> -0.040255454 | H3: =CORREL(INDEX(MaxLFQ_Intensities_processed!$H$2:$AI$3990,0,1+(ROW(H3)-3)), MaxLFQ_Intensities_processed!M2:M3990) -> -0.039082883 | I3: =CORREL(INDEX(MaxLFQ_Intensities_processed!$H$2:$AI$3990,0,1+(ROW(I3)-3)), MaxLFQ_Intensities_processed!N2:N3990) -> -0.040964429 | J3: =CORREL(INDEX(MaxLFQ_Intensities_processed!$H$2:$AI$3990,0,1+(ROW(J3)-3)), MaxLFQ_Intensities_processed!O2:O3990) -> -0.10920041 | ... W3: =CORREL(INDEX(MaxLFQ_Intensities_processed!$H$2:$AI$3990,0,1+(ROW(W3)-3)), MaxLFQ_Intensities_processed!AB2:AB3990) -> -0.078539836
A4: ATG18 | B4: ATG18_2_2 | C4: =CORREL(INDEX(MaxLFQ_Intensities_processed!$H$2:$AI$3990,0,1+(ROW(C4)-3)), MaxLFQ_Intensities_processed!H2:H3990) -> -0.091864783 | D4: =CORREL(INDEX(MaxLFQ_Intensities_processed!$H$2:$AI$3990,0,1+(ROW(D4)-3)), MaxLFQ_Intensities_processed!I2:I3990) -> 1 | E4: =CORREL(INDEX(MaxLFQ_Intensities_processed!$H$2:$AI$3990,0,1+(ROW(E4)-3)), MaxLFQ_Intensities_processed!J2:J3990) -> 0.99692538 | F4: =CORREL(INDEX(MaxLFQ_Intensities_processed!$H$2:$AI$3990,0,1+(ROW(F4)-3)), MaxLFQ_Intensities_processed!K2:K3990) -> 0.99821316 | G4: =CORREL(INDEX(MaxLFQ_Intensities_processed!$H$2:$AI$3990,0,1+(ROW(G4)-3)), MaxLFQ_Intensities_processed!L2:L3990) -> 0.83187121 | H4: =CORREL(INDEX(MaxLFQ_Intensities_processed!$H$2:$AI$3990,0,1+(ROW(H4)-3)), MaxLFQ_Intensities_processed!M2:M3990) -> 0.83612436 | I4: =CORREL(INDEX(MaxLFQ_Intensities_processed!$H$2:$AI$3990,0,1+(ROW(I4)-3)), MaxLFQ_Intensities_processed!N2:N3990) -> 0.8225011 | J4: =CORREL(INDEX(MaxLFQ_Intensities_processed!$H$2:$AI$3990,0,1+(ROW(J4)-3)), MaxLFQ_Intensities_processed!O2:O3990) -> 0.87195181 | ... W4: =CORREL(INDEX(MaxLFQ_Intensities_processed!$H$2:$AI$3990,0,1+(ROW(W4)-3)), MaxLFQ_Intensities_processed!AB2:AB3990) -> 0.62501526
A5: ATG18 | B5: ATG18_2_3 | C5: =CORREL(INDEX(MaxLFQ_Intensities_processed!$H$2:$AI$3990,0,1+(ROW(C5)-3)), MaxLFQ_Intensities_processed!H2:H3990) -> -0.090435764 | D5: =CORREL(INDEX(MaxLFQ_Intensities_processed!$H$2:$AI$3990,0,1+(ROW(D5)-3)), MaxLFQ_Intensities_processed!I2:I3990) -> 0.99692538 | E5: =CORREL(INDEX(MaxLFQ_Intensities_processed!$H$2:$AI$3990,0,1+(ROW(E5)-3)), MaxLFQ_Intensities_processed!J2:J3990) -> 1 | F5: =CORREL(INDEX(MaxLFQ_Intensities_processed!$H$2:$AI$3990,0,1+(ROW(F5)-3)), MaxLFQ_Intensities_processed!K2:K3990) -> 0.9944561 | G5: =CORREL(INDEX(MaxLFQ_Intensities_processed!$H$2:$AI$3990,0,1+(ROW(G5)-3)), MaxLFQ_Intensities_processed!L2:L3990) -> 0.81573484 | H5: =CORREL(INDEX(MaxLFQ_Intensities_processed!$H$2:$AI$3990,0,1+(ROW(H5)-3)), MaxLFQ_Intensities_processed!M2:M3990) -> 0.82140312 | I5: =CORREL(INDEX(MaxLFQ_Intensities_processed!$H$2:$AI$3990,0,1+(ROW(I5)-3)), MaxLFQ_Intensities_processed!N2:N3990) -> 0.80414322 | J5: =CORREL(INDEX(MaxLFQ_Intensities_processed!$H$2:$AI$3990,0,1+(ROW(J5)-3)), MaxLFQ_Intensities_processed!O2:O3990) -> 0.87887242 | ... W5: =CORREL(INDEX(MaxLFQ_Intensities_processed!$H$2:$AI$3990,0,1+(ROW(W5)-3)), MaxLFQ_Intensities_processed!AB2:AB3990) -> 0.60953324
A6: ATG18 | B6: ATG18_3_1 | C6: =CORREL(INDEX(MaxLFQ_Intensities_processed!$H$2:$AI$3990,0,1+(ROW(C6)-3)), MaxLFQ_Intensities_processed!H2:H3990) -> -0.091365925 | D6: =CORREL(INDEX(MaxLFQ_Intensities_processed!$H$2:$AI$3990,0,1+(ROW(D6)-3)), MaxLFQ_Intensities_processed!I2:I3990) -> 0.99821316 | E6: =CORREL(INDEX(MaxLFQ_Intensities_processed!$H$2:$AI$3990,0,1+(ROW(E6)-3)), MaxLFQ_Intensities_processed!J2:J3990) -> 0.9944561 | F6: =CORREL(INDEX(MaxLFQ_Intensities_processed!$H$2:$AI$3990,0,1+(ROW(F6)-3)), MaxLFQ_Intensities_processed!K2:K3990) -> 1 | G6: =CORREL(INDEX(MaxLFQ_Intensities_processed!$H$2:$AI$3990,0,1+(ROW(G6)-3)), MaxLFQ_Intensities_processed!L2:L3990) -> 0.83140638 | H6: =CORREL(INDEX(MaxLFQ_Intensities_processed!$H$2:$AI$3990,0,1+(ROW(H6)-3)), MaxLFQ_Intensities_processed!M2:M3990) -> 0.83479216 | I6: =CORREL(INDEX(MaxLFQ_Intensities_processed!$H$2:$AI$3990,0,1+(ROW(I6)-3)), MaxLFQ_Intensities_processed!N2:N3990) -> 0.82184797 | J6: =CORREL(INDEX(MaxLFQ_Intensities_processed!$H$2:$AI$3990,0,1+(ROW(J6)-3)), MaxLFQ_Intensities_processed!O2:O3990) -> 0.86901004 | ... W6: =CORREL(INDEX(MaxLFQ_Intensities_processed!$H$2:$AI$3990,0,1+(ROW(W6)-3)), MaxLFQ_Intensities_processed!AB2:AB3990) -> 0.62930556
A7: ATG18 | B7: ATG18_3_2 | C7: =CORREL(INDEX(MaxLFQ_Intensities_processed!$H$2:$AI$3990,0,1+(ROW(C7)-3)), MaxLFQ_Intensities_processed!H2:H3990) -> -0.040255454 | D7: =CORREL(INDEX(MaxLFQ_Intensities_processed!$H$2:$AI$3990,0,1+(ROW(D7)-3)), MaxLFQ_Intensities_processed!I2:I3990) -> 0.83187121 | E7: =CORREL(INDEX(MaxLFQ_Intensities_processed!$H$2:$AI$3990,0,1+(ROW(E7)-3)), MaxLFQ_Intensities_processed!J2:J3990) -> 0.81573484 | F7: =CORREL(INDEX(MaxLFQ_Intensities_processed!$H$2:$AI$3990,0,1+(ROW(F7)-3)), MaxLFQ_Intensities_processed!K2:K3990) -> 0.83140638 | G7: =CORREL(INDEX(MaxLFQ_Intensities_processed!$H$2:$AI$3990,0,1+(ROW(G7)-3)), MaxLFQ_Intensities_processed!L2:L3990) -> 1 | H7: =CORREL(INDEX(MaxLFQ_Intensities_processed!$H$2:$AI$3990,0,1+(ROW(H7)-3)), MaxLFQ_Intensities_processed!M2:M3990) -> 0.99710093 | I7: =CORREL(INDEX(MaxLFQ_Intensities_processed!$H$2:$AI$3990,0,1+(ROW(I7)-3)), MaxLFQ_Intensities_processed!N2:N3990) -> 0.99456618 | J7: =CORREL(INDEX(MaxLFQ_Intensities_processed!$H$2:$AI$3990,0,1+(ROW(J7)-3)), MaxLFQ_Intensities_processed!O2:O3990) -> 0.71302161 | ... W7: =CORREL(INDEX(MaxLFQ_Intensities_processed!$H$2:$AI$3990,0,1+(ROW(W7)-3)), MaxLFQ_Intensities_processed!AB2:AB3990) -> 0.5830877
A8: ATG18 | B8: ATG18_3_3 | C8: =CORREL(INDEX(MaxLFQ_Intensities_processed!$H$2:$AI$3990,0,1+(ROW(C8)-3)), MaxLFQ_Intensities_processed!H2:H3990) -> -0.039082883 | D8: =CORREL(INDEX(MaxLFQ_Intensities_processed!$H$2:$AI$3990,0,1+(ROW(D8)-3)), MaxLFQ_Intensities_processed!I2:I3990) -> 0.83612436 | E8: =CORREL(INDEX(MaxLFQ_Intensities_processed!$H$2:$AI$3990,0,1+(ROW(E8)-3)), MaxLFQ_Intensities_processed!J2:J3990) -> 0.82140312 | F8: =CORREL(INDEX(MaxLFQ_Intensities_processed!$H$2:$AI$3990,0,1+(ROW(F8)-3)), MaxLFQ_Intensities_processed!K2:K3990) -> 0.83479216 | G8: =CORREL(INDEX(MaxLFQ_Intensities_processed!$H$2:$AI$3990,0,1+(ROW(G8)-3)), MaxLFQ_Intensities_processed!L2:L3990) -> 0.99710093 | H8: =CORREL(INDEX(MaxLFQ_Intensities_processed!$H$2:$AI$3990,0,1+(ROW(H8)-3)), MaxLFQ_Intensities_processed!M2:M3990) -> 1 | I8: =CORREL(INDEX(MaxLFQ_Intensities_processed!$H$2:$AI$3990,0,1+(ROW(I8)-3)), MaxLFQ_Intensities_processed!N2:N3990) -> 0.99250367 | J8: =CORREL(INDEX(MaxLFQ_Intensities_processed!$H$2:$AI$3990,0,1+(ROW(J8)-3)), MaxLFQ_Intensities_processed!O2:O3990) -> 0.72103131 | ... W8: =CORREL(INDEX(MaxLFQ_Intensities_processed!$H$2:$AI$3990,0,1+(ROW(W8)-3)), MaxLFQ_Intensities_processed!AB2:AB3990) -> 0.58586782
A9: ATG18 | B9: ATG18_4_1 | C9: =CORREL(INDEX(MaxLFQ_Intensities_processed!$H$2:$AI$3990,0,1+(ROW(C9)-3)), MaxLFQ_Intensities_processed!H2:H3990) -> -0.040964429 | D9: =CORREL(INDEX(MaxLFQ_Intensities_processed!$H$2:$AI$3990,0,1+(ROW(D9)-3)), MaxLFQ_Intensities_processed!I2:I3990) -> 0.8225011 | E9: =CORREL(INDEX(MaxLFQ_Intensities_processed!$H$2:$AI$3990,0,1+(ROW(E9)-3)), MaxLFQ_Intensities_processed!J2:J3990) -> 0.80414322 | F9: =CORREL(INDEX(MaxLFQ_Intensities_processed!$H$2:$AI$3990,0,1+(ROW(F9)-3)), MaxLFQ_Intensities_processed!K2:K3990) -> 0.82184797 | G9: =CORREL(INDEX(MaxLFQ_Intensities_processed!$H$2:$AI$3990,0,1+(ROW(G9)-3)), MaxLFQ_Intensities_processed!L2:L3990) -> 0.99456618 | H9: =CORREL(INDEX(MaxLFQ_Intensities_processed!$H$2:$AI$3990,0,1+(ROW(H9)-3)), MaxLFQ_Intensities_processed!M2:M3990) -> 0.99250367 | I9: =CORREL(INDEX(MaxLFQ_Intensities_processed!$H$2:$AI$3990,0,1+(ROW(I9)-3)), MaxLFQ_Intensities_processed!N2:N3990) -> 1 | J9: =CORREL(INDEX(MaxLFQ_Intensities_processed!$H$2:$AI$3990,0,1+(ROW(J9)-3)), MaxLFQ_Intensities_processed!O2:O3990) -> 0.70194177 | ... W9: =CORREL(INDEX(MaxLFQ_Intensities_processed!$H$2:$AI$3990,0,1+(ROW(W9)-3)), MaxLFQ_Intensities_processed!AB2:AB3990) -> 0.59590442
A10: ATG18 | B10: ATG18_4_2 | C10: =CORREL(INDEX(MaxLFQ_Intensities_processed!$H$2:$AI$3990,0,1+(ROW(C10)-3)), MaxLFQ_Intensities_processed!H2:H3990) -> -0.10920041 | D10: =CORREL(INDEX(MaxLFQ_Intensities_processed!$H$2:$AI$3990,0,1+(ROW(D10)-3)), MaxLFQ_Intensities_processed!I2:I3990) -> 0.87195181 | E10: =CORREL(INDEX(MaxLFQ_Intensities_processed!$H$2:$AI$3990,0,1+(ROW(E10)-3)), MaxLFQ_Intensities_processed!J2:J3990) -> 0.87887242 | F10: =CORREL(INDEX(MaxLFQ_Intensities_processed!$H$2:$AI$3990,0,1+(ROW(F10)-3)), MaxLFQ_Intensities_processed!K2:K3990) -> 0.86901004 | G10: =CORREL(INDEX(MaxLFQ_Intensities_processed!$H$2:$AI$3990,0,1+(ROW(G10)-3)), MaxLFQ_Intensities_processed!L2:L3990) -> 0.71302161 | H10: =CORREL(INDEX(MaxLFQ_Intensities_processed!$H$2:$AI$3990,0,1+(ROW(H10)-3)), MaxLFQ_Intensities_processed!M2:M3990) -> 0.72103131 | I10: =CORREL(INDEX(MaxLFQ_Intensities_processed!$H$2:$AI$3990,0,1+(ROW(I10)-3)), MaxLFQ_Intensities_processed!N2:N3990) -> 0.70194177 | J10: =CORREL(INDEX(MaxLFQ_Intensities_processed!$H$2:$AI$3990,0,1+(ROW(J10)-3)), MaxLFQ_Intensities_processed!O2:O3990) -> 1 | ... W10: =CORREL(INDEX(MaxLFQ_Intensities_processed!$H$2:$AI$3990,0,1+(ROW(W10)-3)), MaxLFQ_Intensities_processed!AB2:AB3990) -> 0.62085308
A11: ATG18 | B11: ATG18_4_3 | C11: =CORREL(INDEX(MaxLFQ_Intensities_processed!$H$2:$AI$3990,0,1+(ROW(C11)-3)), MaxLFQ_Intensities_processed!H2:H3990) -> -0.1055383 | D11: =CORREL(INDEX(MaxLFQ_Intensities_processed!$H$2:$AI$3990,0,1+(ROW(D11)-3)), MaxLFQ_Intensities_processed!I2:I3990) -> 0.85313842 | E11: =CORREL(INDEX(MaxLFQ_Intensities_processed!$H$2:$AI$3990,0,1+(ROW(E11)-3)), MaxLFQ_Intensities_processed!J2:J3990) -> 0.86075837 | F11: =CORREL(INDEX(MaxLFQ_Intensities_processed!$H$2:$AI$3990,0,1+(ROW(F11)-3)), MaxLFQ_Intensities_processed!K2:K3990) -> 0.85012646 | G11: =CORREL(INDEX(MaxLFQ_Intensities_processed!$H$2:$AI$3990,0,1+(ROW(G11)-3)), MaxLFQ_Intensities_processed!L2:L3990) -> 0.68662426 | H11: =CORREL(INDEX(MaxLFQ_Intensities_processed!$H$2:$AI$3990,0,1+(ROW(H11)-3)), MaxLFQ_Intensities_processed!M2:M3990) -> 0.69653743 | I11: =CORREL(INDEX(MaxLFQ_Intensities_processed!$H$2:$AI$3990,0,1+(ROW(I11)-3)), MaxLFQ_Intensities_processed!N2:N3990) -> 0.67621215 | J11: =CORREL(INDEX(MaxLFQ_Intensities_processed!$H$2:$AI$3990,0,1+(ROW(J11)-3)), MaxLFQ_Intensities_processed!O2:O3990) -> 0.99075391 | ... W11: =CORREL(INDEX(MaxLFQ_Intensities_processed!$H$2:$AI$3990,0,1+(ROW(W11)-3)), MaxLFQ_Intensities_processed!AB2:AB3990) -> 0.61437753
A12: ATG18 | B12: ATG18_5_1 | C12: =CORREL(INDEX(MaxLFQ_Intensities_processed!$H$2:$AI$3990,0,1+(ROW(C12)-3)), MaxLFQ_Intensities_processed!H2:H3990) -> -0.1099592 | D12: =CORREL(INDEX(MaxLFQ_Intensities_processed!$H$2:$AI$3990,0,1+(ROW(D12)-3)), MaxLFQ_Intensities_processed!I2:I3990) -> 0.87922458 | E12: =CORREL(INDEX(MaxLFQ_Intensities_processed!$H$2:$AI$3990,0,1+(ROW(E12)-3)), MaxLFQ_Intensities_processed!J2:J3990) -> 0.88455334 | F12: =CORREL(INDEX(MaxLFQ_Intensities_processed!$H$2:$AI$3990,0,1+(ROW(F12)-3)), MaxLFQ_Intensities_processed!K2:K3990) -> 0.87734395 | G12: =CORREL(INDEX(MaxLFQ_Intensities_processed!$H$2:$AI$3990,0,1+(ROW(G12)-3)), MaxLFQ_Intensities_processed!L2:L3990) -> 0.72348554 | H12: =CORREL(INDEX(MaxLFQ_Intensities_processed!$H$2:$AI$3990,0,1+(ROW(H12)-3)), MaxLFQ_Intensities_processed!M2:M3990) -> 0.73208236 | I12: =CORREL(INDEX(MaxLFQ_Intensities_processed!$H$2:$AI$3990,0,1+(ROW(I12)-3)), MaxLFQ_Intensities_processed!N2:N3990) -> 0.71472301 | J12: =CORREL(INDEX(MaxLFQ_Intensities_processed!$H$2:$AI$3990,0,1+(ROW(J12)-3)), MaxLFQ_Intensities_processed!O2:O3990) -> 0.9952342 | ... W12: =CORREL(INDEX(MaxLFQ_Intensities_processed!$H$2:$AI$3990,0,1+(ROW(W12)-3)), MaxLFQ_Intensities_processed!AB2:AB3990) -> 0.64276937
A13: ATG18 | B13: ATG18_5_2 | C13: =CORREL(INDEX(MaxLFQ_Intensities_processed!$H$2:$AI$3990,0,1+(ROW(C13)-3)), MaxLFQ_Intensities_processed!H2:H3990) -> -0.10188822 | D13: =CORREL(INDEX(MaxLFQ_Intensities_processed!$H$2:$AI$3990,0,1+(ROW(D13)-3)), MaxLFQ_Intensities_processed!I2:I3990) -> 0.93942071 | E13: =CORREL(INDEX(MaxLFQ_Intensities_processed!$H$2:$AI$3990,0,1+(ROW(E13)-3)), MaxLFQ_Intensities_processed!J2:J3990) -> 0.9387505 | F13: =CORREL(INDEX(MaxLFQ_Intensities_processed!$H$2:$AI$3990,0,1+(ROW(F13)-3)), MaxLFQ_Intensities_processed!K2:K3990) -> 0.93815617 | G13: =CORREL(INDEX(MaxLFQ_Intensities_processed!$H$2:$AI$3990,0,1+(ROW(G13)-3)), MaxLFQ_Intensities_processed!L2:L3990) -> 0.77599835 | H13: =CORREL(INDEX(MaxLFQ_Intensities_processed!$H$2:$AI$3990,0,1+(ROW(H13)-3)), MaxLFQ_Intensities_processed!M2:M3990) -> 0.78218699 | I13: =CORREL(INDEX(MaxLFQ_Intensities_processed!$H$2:$AI$3990,0,1+(ROW(I13)-3)), MaxLFQ_Intensities_processed!N2:N3990) -> 0.76856192 | J13: =CORREL(INDEX(MaxLFQ_Intensities_processed!$H$2:$AI$3990,0,1+(ROW(J13)-3)), MaxLFQ_Intensities_processed!O2:O3990) -> 0.89008395 | ... W13: =CORREL(INDEX(MaxLFQ_Intensities_processed!$H$2:$AI$3990,0,1+(ROW(W13)-3)), MaxLFQ_Intensities_processed!AB2:AB3990) -> 0.78023277
A14: ATG18 | B14: ATG18_5_3 | C14: =CORREL(INDEX(MaxLFQ_Intensities_processed!$H$2:$AI$3990,0,1+(ROW(C14)-3)), MaxLFQ_Intensities_processed!H2:H3990) -> -0.10315395 | D14: =CORREL(INDEX(MaxLFQ_Intensities_processed!$H$2:$AI$3990,0,1+(ROW(D14)-3)), MaxLFQ_Intensities_processed!I2:I3990) -> 0.93901827 | E14: =CORREL(INDEX(MaxLFQ_Intensities_processed!$H$2:$AI$3990,0,1+(ROW(E14)-3)), MaxLFQ_Intensities_processed!J2:J3990) -> 0.93960734 | F14: =CORREL(INDEX(MaxLFQ_Intensities_processed!$H$2:$AI$3990,0,1+(ROW(F14)-3)), MaxLFQ_Intensities_processed!K2:K3990) -> 0.93665714 | G14: =CORREL(INDEX(MaxLFQ_Intensities_processed!$H$2:$AI$3990,0,1+(ROW(G14)-3)), MaxLFQ_Intensities_processed!L2:L3990) -> 0.7725341 | H14: =CORREL(INDEX(MaxLFQ_Intensities_processed!$H$2:$AI$3990,0,1+(ROW(H14)-3)), MaxLFQ_Intensities_processed!M2:M3990) -> 0.77903896 | I14: =CORREL(INDEX(MaxLFQ_Intensities_processed!$H$2:$AI$3990,0,1+(ROW(I14)-3)), MaxLFQ_Intensities_processed!N2:N3990) -> 0.76261586 | J14: =CORREL(INDEX(MaxLFQ_Intensities_processed!$H$2:$AI$3990,0,1+(ROW(J14)-3)), MaxLFQ_Intensities_processed!O2:O3990) -> 0.89714984 | ... W14: =CORREL(INDEX(MaxLFQ_Intensities_processed!$H$2:$AI$3990,0,1+(ROW(W14)-3)), MaxLFQ_Intensities_processed!AB2:AB3990) -> 0.74725659
A15: B11 | B15: B11_3_1 | C15: =CORREL(INDEX(MaxLFQ_Intensities_processed!$H$2:$AI$3990,0,1+(ROW(C15)-3)), MaxLFQ_Intensities_processed!H2:H3990) -> -0.10272489 | D15: =CORREL(INDEX(MaxLFQ_Intensities_processed!$H$2:$AI$3990,0,1+(ROW(D15)-3)), MaxLFQ_Intensities_processed!I2:I3990) -> 0.94298768 | E15: =CORREL(INDEX(MaxLFQ_Intensities_processed!$H$2:$AI$3990,0,1+(ROW(E15)-3)), MaxLFQ_Intensities_processed!J2:J3990) -> 0.94068747 | F15: =CORREL(INDEX(MaxLFQ_Intensities_processed!$H$2:$AI$3990,0,1+(ROW(F15)-3)), MaxLFQ_Intensities_processed!K2:K3990) -> 0.94252657 | G15: =CORREL(INDEX(MaxLFQ_Intensities_processed!$H$2:$AI$3990,0,1+(ROW(G15)-3)), MaxLFQ_Intensities_processed!L2:L3990) -> 0.78305677 | H15: =CORREL(INDEX(MaxLFQ_Intensities_processed!$H$2:$AI$3990,0,1+(ROW(H15)-3)), MaxLFQ_Intensities_processed!M2:M3990) -> 0.78930799 | I15: =CORREL(INDEX(MaxLFQ_Intensities_processed!$H$2:$AI$3990,0,1+(ROW(I15)-3)), MaxLFQ_Intensities_processed!N2:N3990) -> 0.77529965 | J15: =CORREL(INDEX(MaxLFQ_Intensities_processed!$H$2:$AI$3990,0,1+(ROW(J15)-3)), MaxLFQ_Intensities_processed!O2:O3990) -> 0.88707821 | ... W15: =CORREL(INDEX(MaxLFQ_Intensities_processed!$H$2:$AI$3990,0,1+(ROW(W15)-3)), MaxLFQ_Intensities_processed!AB2:AB3990) -> 0.77730528
A16: B11 | B16: B11_3_2 | C16: =CORREL(INDEX(MaxLFQ_Intensities_processed!$H$2:$AI$3990,0,1+(ROW(C16)-3)), MaxLFQ_Intensities_processed!H2:H3990) -> -0.083813408 | D16: =CORREL(INDEX(MaxLFQ_Intensities_processed!$H$2:$AI$3990,0,1+(ROW(D16)-3)), MaxLFQ_Intensities_processed!I2:I3990) -> 0.67104656 | E16: =CORREL(INDEX(MaxLFQ_Intensities_processed!$H$2:$AI$3990,0,1+(ROW(E16)-3)), MaxLFQ_Intensities_processed!J2:J3990) -> 0.65821828 | F16: =CORREL(INDEX(MaxLFQ_Intensities_processed!$H$2:$AI$3990,0,1+(ROW(F16)-3)), MaxLFQ_Intensities_processed!K2:K3990) -> 0.67325391 | G16: =CORREL(INDEX(MaxLFQ_Intensities_processed!$H$2:$AI$3990,0,1+(ROW(G16)-3)), MaxLFQ_Intensities_processed!L2:L3990) -> 0.61937653 | H16: =CORREL(INDEX(MaxLFQ_Intensities_processed!$H$2:$AI$3990,0,1+(ROW(H16)-3)), MaxLFQ_Intensities_processed!M2:M3990) -> 0.62127841 | I16: =CORREL(INDEX(MaxLFQ_Intensities_processed!$H$2:$AI$3990,0,1+(ROW(I16)-3)), MaxLFQ_Intensities_processed!N2:N3990) -> 0.62039763 | J16: =CORREL(INDEX(MaxLFQ_Intensities_processed!$H$2:$AI$3990,0,1+(ROW(J16)-3)), MaxLFQ_Intensities_processed!O2:O3990) -> 0.65758019 | ... W16: =CORREL(INDEX(MaxLFQ_Intensities_processed!$H$2:$AI$3990,0,1+(ROW(W16)-3)), MaxLFQ_Intensities_processed!AB2:AB3990) -> 0.90273829
A17: B11 | B17: B11_3_3 | C17: =CORREL(INDEX(MaxLFQ_Intensities_processed!$H$2:$AI$3990,0,1+(ROW(C17)-3)), MaxLFQ_Intensities_processed!H2:H3990) -> -0.082028089 | D17: =CORREL(INDEX(MaxLFQ_Intensities_processed!$H$2:$AI$3990,0,1+(ROW(D17)-3)), MaxLFQ_Intensities_processed!I2:I3990) -> 0.66622009 | E17: =CORREL(INDEX(MaxLFQ_Intensities_processed!$H$2:$AI$3990,0,1+(ROW(E17)-3)), MaxLFQ_Intensities_processed!J2:J3990) -> 0.6424531 | F17: =CORREL(INDEX(MaxLFQ_Intensities_processed!$H$2:$AI$3990,0,1+(ROW(F17)-3)), MaxLFQ_Intensities_processed!K2:K3990) -> 0.67127689 | G17: =CORREL(INDEX(MaxLFQ_Intensities_processed!$H$2:$AI$3990,0,1+(ROW(G17)-3)), MaxLFQ_Intensities_processed!L2:L3990) -> 0.61474753 | H17: =CORREL(INDEX(MaxLFQ_Intensities_processed!$H$2:$AI$3990,0,1+(ROW(H17)-3)), MaxLFQ_Intensities_processed!M2:M3990) -> 0.61403811 | I17: =CORREL(INDEX(MaxLFQ_Intensities_processed!$H$2:$AI$3990,0,1+(ROW(I17)-3)), MaxLFQ_Intensities_processed!N2:N3990) -> 0.60860115 | J17: =CORREL(INDEX(MaxLFQ_Intensities_processed!$H$2:$AI$3990,0,1+(ROW(J17)-3)), MaxLFQ_Intensities_processed!O2:O3990) -> 0.64466502 | ... W17: =CORREL(INDEX(MaxLFQ_Intensities_processed!$H$2:$AI$3990,0,1+(ROW(W17)-3)), MaxLFQ_Intensities_processed!AB2:AB3990) -> 0.83195752
A18: B11 | B18: B11_4_1 | C18: =CORREL(INDEX(MaxLFQ_Intensities_processed!$H$2:$AI$3990,0,1+(ROW(C18)-3)), MaxLFQ_Intensities_processed!H2:H3990) -> -0.08368282 | D18: =CORREL(INDEX(MaxLFQ_Intensities_processed!$H$2:$AI$3990,0,1+(ROW(D18)-3)), MaxLFQ_Intensities_processed!I2:I3990) -> 0.66557855 | E18: =CORREL(INDEX(MaxLFQ_Intensities_processed!$H$2:$AI$3990,0,1+(ROW(E18)-3)), MaxLFQ_Intensities_processed!J2:J3990) -> 0.63729426 | F18: =CORREL(INDEX(MaxLFQ_Intensities_processed!$H$2:$AI$3990,0,1+(ROW(F18)-3)), MaxLFQ_Intensities_processed!K2:K3990) -> 0.67315535 | G18: =CORREL(INDEX(MaxLFQ_Intensities_processed!$H$2:$AI$3990,0,1+(ROW(G18)-3)), MaxLFQ_Intensities_processed!L2:L3990) -> 0.62693452 | H18: =CORREL(INDEX(MaxLFQ_Intensities_processed!$H$2:$AI$3990,0,1+(ROW(H18)-3)), MaxLFQ_Intensities_processed!M2:M3990) -> 0.62134337 | I18: =CORREL(INDEX(MaxLFQ_Intensities_processed!$H$2:$AI$3990,0,1+(ROW(I18)-3)), MaxLFQ_Intensities_processed!N2:N3990) -> 0.6312468 | J18: =CORREL(INDEX(MaxLFQ_Intensities_processed!$H$2:$AI$3990,0,1+(ROW(J18)-3)), MaxLFQ_Intensities_processed!O2:O3990) -> 0.62629394 | ... W18: =CORREL(INDEX(MaxLFQ_Intensities_processed!$H$2:$AI$3990,0,1+(ROW(W18)-3)), MaxLFQ_Intensities_processed!AB2:AB3990) -> 0.86904737
A19: B11 | B19: B11_4_2 | C19: =CORREL(INDEX(MaxLFQ_Intensities_processed!$H$2:$AI$3990,0,1+(ROW(C19)-3)), MaxLFQ_Intensities_processed!H2:H3990) -> -0.081441531 | D19: =CORREL(INDEX(MaxLFQ_Intensities_processed!$H$2:$AI$3990,0,1+(ROW(D19)-3)), MaxLFQ_Intensities_processed!I2:I3990) -> 0.64961079 | E19: =CORREL(INDEX(MaxLFQ_Intensities_processed!$H$2:$AI$3990,0,1+(ROW(E19)-3)), MaxLFQ_Intensities_processed!J2:J3990) -> 0.62743909 | F19: =CORREL(INDEX(MaxLFQ_Intensities_processed!$H$2:$AI$3990,0,1+(ROW(F19)-3)), MaxLFQ_Intensities_processed!K2:K3990) -> 0.653643 | G19: =CORREL(INDEX(MaxLFQ_Intensities_processed!$H$2:$AI$3990,0,1+(ROW(G19)-3)), MaxLFQ_Intensities_processed!L2:L3990) -> 0.60080174 | H19: =CORREL(INDEX(MaxLFQ_Intensities_processed!$H$2:$AI$3990,0,1+(ROW(H19)-3)), MaxLFQ_Intensities_processed!M2:M3990) -> 0.60656867 | I19: =CORREL(INDEX(MaxLFQ_Intensities_processed!$H$2:$AI$3990,0,1+(ROW(I19)-3)), MaxLFQ_Intensities_processed!N2:N3990) -> 0.60060394 | J19: =CORREL(INDEX(MaxLFQ_Intensities_processed!$H$2:$AI$3990,0,1+(ROW(J19)-3)), MaxLFQ_Intensities_processed!O2:O3990) -> 0.64863009 | ... W19: =CORREL(INDEX(MaxLFQ_Intensities_processed!$H$2:$AI$3990,0,1+(ROW(W19)-3)), MaxLFQ_Intensities_processed!AB2:AB3990) -> 0.90920136
A20: B11 | B20: B11_4_3 | C20: =CORREL(INDEX(MaxLFQ_Intensities_processed!$H$2:$AI$3990,0,1+(ROW(C20)-3)), MaxLFQ_Intensities_processed!H2:H3990) -> -0.085187707 | D20: =CORREL(INDEX(MaxLFQ_Intensities_processed!$H$2:$AI$3990,0,1+(ROW(D20)-3)), MaxLFQ_Intensities_processed!I2:I3990) -> 0.65429532 | E20: =CORREL(INDEX(MaxLFQ_Intensities_processed!$H$2:$AI$3990,0,1+(ROW(E20)-3)), MaxLFQ_Intensities_processed!J2:J3990) -> 0.63714571 | F20: =CORREL(INDEX(MaxLFQ_Intensities_processed!$H$2:$AI$3990,0,1+(ROW(F20)-3)), MaxLFQ_Intensities_processed!K2:K3990) -> 0.6564426 | G20: =CORREL(INDEX(MaxLFQ_Intensities_processed!$H$2:$AI$3990,0,1+(ROW(G20)-3)), MaxLFQ_Intensities_processed!L2:L3990) -> 0.59984229 | H20: =CORREL(INDEX(MaxLFQ_Intensities_processed!$H$2:$AI$3990,0,1+(ROW(H20)-3)), MaxLFQ_Intensities_processed!M2:M3990) -> 0.60726019 | I20: =CORREL(INDEX(MaxLFQ_Intensities_processed!$H$2:$AI$3990,0,1+(ROW(I20)-3)), MaxLFQ_Intensities_processed!N2:N3990) -> 0.58932386 | J20: =CORREL(INDEX(MaxLFQ_Intensities_processed!$H$2:$AI$3990,0,1+(ROW(J20)-3)), MaxLFQ_Intensities_processed!O2:O3990) -> 0.66436053 | ... W20: =CORREL(INDEX(MaxLFQ_Intensities_processed!$H$2:$AI$3990,0,1+(ROW(W20)-3)), MaxLFQ_Intensities_processed!AB2:AB3990) -> 0.87974542
A21: B11 | B21: B11_5_1 | C21: =CORREL(INDEX(MaxLFQ_Intensities_processed!$H$2:$AI$3990,0,1+(ROW(C21)-3)), MaxLFQ_Intensities_processed!H2:H3990) -> -0.085526635 | D21: =CORREL(INDEX(MaxLFQ_Intensities_processed!$H$2:$AI$3990,0,1+(ROW(D21)-3)), MaxLFQ_Intensities_processed!I2:I3990) -> 0.65277657 | E21: =CORREL(INDEX(MaxLFQ_Intensities_processed!$H$2:$AI$3990,0,1+(ROW(E21)-3)), MaxLFQ_Intensities_processed!J2:J3990) -> 0.63541184 | F21: =CORREL(INDEX(MaxLFQ_Intensities_processed!$H$2:$AI$3990,0,1+(ROW(F21)-3)), MaxLFQ_Intensities_processed!K2:K3990) -> 0.65452808 | G21: =CORREL(INDEX(MaxLFQ_Intensities_processed!$H$2:$AI$3990,0,1+(ROW(G21)-3)), MaxLFQ_Intensities_processed!L2:L3990) -> 0.59506308 | H21: =CORREL(INDEX(MaxLFQ_Intensities_processed!$H$2:$AI$3990,0,1+(ROW(H21)-3)), MaxLFQ_Intensities_processed!M2:M3990) -> 0.60322262 | I21: =CORREL(INDEX(MaxLFQ_Intensities_processed!$H$2:$AI$3990,0,1+(ROW(I21)-3)), MaxLFQ_Intensities_processed!N2:N3990) -> 0.58727735 | J21: =CORREL(INDEX(MaxLFQ_Intensities_processed!$H$2:$AI$3990,0,1+(ROW(J21)-3)), MaxLFQ_Intensities_processed!O2:O3990) -> 0.66550374 | ... W21: =CORREL(INDEX(MaxLFQ_Intensities_processed!$H$2:$AI$3990,0,1+(ROW(W21)-3)), MaxLFQ_Intensities_processed!AB2:AB3990) -> 0.8955714
A22: B11 | B22: B11_5_2 | C22: =CORREL(INDEX(MaxLFQ_Intensities_processed!$H$2:$AI$3990,0,1+(ROW(C22)-3)), MaxLFQ_Intensities_processed!H2:H3990) -> -0.090895089 | D22: =CORREL(INDEX(MaxLFQ_Intensities_processed!$H$2:$AI$3990,0,1+(ROW(D22)-3)), MaxLFQ_Intensities_processed!I2:I3990) -> 0.64517274 | E22: =CORREL(INDEX(MaxLFQ_Intensities_processed!$H$2:$AI$3990,0,1+(ROW(E22)-3)), MaxLFQ_Intensities_processed!J2:J3990) -> 0.636863 | F22: =CORREL(INDEX(MaxLFQ_Intensities_processed!$H$2:$AI$3990,0,1+(ROW(F22)-3)), MaxLFQ_Intensities_processed!K2:K3990) -> 0.64638523 | G22: =CORREL(INDEX(MaxLFQ_Intensities_processed!$H$2:$AI$3990,0,1+(ROW(G22)-3)), MaxLFQ_Intensities_processed!L2:L3990) -> 0.5801141 | H22: =CORREL(INDEX(MaxLFQ_Intensities_processed!$H$2:$AI$3990,0,1+(ROW(H22)-3)), MaxLFQ_Intensities_processed!M2:M3990) -> 0.59121845 | I22: =CORREL(INDEX(MaxLFQ_Intensities_processed!$H$2:$AI$3990,0,1+(ROW(I22)-3)), MaxLFQ_Intensities_processed!N2:N3990) -> 0.57518697 | J22: =CORREL(INDEX(MaxLFQ_Intensities_processed!$H$2:$AI$3990,0,1+(ROW(J22)-3)), MaxLFQ_Intensities_processed!O2:O3990) -> 0.66214732 | ... W22: =CORREL(INDEX(MaxLFQ_Intensities_processed!$H$2:$AI$3990,0,1+(ROW(W22)-3)), MaxLFQ_Intensities_processed!AB2:AB3990) -> 0.9571554
A23: B11 | B23: B11_5_3 | C23: =CORREL(INDEX(MaxLFQ_Intensities_processed!$H$2:$AI$3990,0,1+(ROW(C23)-3)), MaxLFQ_Intensities_processed!H2:H3990) -> -0.078539836 | D23: =CORREL(INDEX(MaxLFQ_Intensities_processed!$H$2:$AI$3990,0,1+(ROW(D23)-3)), MaxLFQ_Intensities_processed!I2:I3990) -> 0.62501526 | E23: =CORREL(INDEX(MaxLFQ_Intensities_processed!$H$2:$AI$3990,0,1+(ROW(E23)-3)), MaxLFQ_Intensities_processed!J2:J3990) -> 0.60953324 | F23: =CORREL(INDEX(MaxLFQ_Intensities_processed!$H$2:$AI$3990,0,1+(ROW(F23)-3)), MaxLFQ_Intensities_processed!K2:K3990) -> 0.62930556 | G23: =CORREL(INDEX(MaxLFQ_Intensities_processed!$H$2:$AI$3990,0,1+(ROW(G23)-3)), MaxLFQ_Intensities_processed!L2:L3990) -> 0.5830877 | H23: =CORREL(INDEX(MaxLFQ_Intensities_processed!$H$2:$AI$3990,0,1+(ROW(H23)-3)), MaxLFQ_Intensities_processed!M2:M3990) -> 0.58586782 | I23: =CORREL(INDEX(MaxLFQ_Intensities_processed!$H$2:$AI$3990,0,1+(ROW(I23)-3)), MaxLFQ_Intensities_processed!N2:N3990) -> 0.59590442 | J23: =CORREL(INDEX(MaxLFQ_Intensities_processed!$H$2:$AI$3990,0,1+(ROW(J23)-3)), MaxLFQ_Intensities_processed!O2:O3990) -> 0.62085308 | ... W23: =CORREL(INDEX(MaxLFQ_Intensities_processed!$H$2:$AI$3990,0,1+(ROW(W23)-3)), MaxLFQ_Intensities_processed!AB2:AB3990) -> 1

Sheet MaxLFQ_Intensities
A1: Protein.Group | B1: Protein.Names | C1: Genes | D1: max_PG.Q.val | E1: max_pep | F1: max_proteotypic_pep | G1: max_shared_pep | H1: max_digested_peptides | I1: ATG18_2_1 | J1: ATG18_2_2 | K1: ATG18_2_3 | L1: ATG18_3_1 | M1: ATG18_3_2 | N1: ATG18_3_3 | O1: ATG18_4_1 | P1: ATG18_4_2 | Q1: ATG18_4_3 | R1: ATG18_5_1 | S1: ATG18_5_2 | T1: ATG18_5_3 | U1: B11_3_1 | V1: B11_3_2 | W1: B11_3_3 | X1: B11_4_1 | Y1: B11_4_2 | Z1: B11_4_3 | AA1: B11_5_1 | AB1: B11_5_2 | AC1: B11_5_3
A2: A0A0H3VB35 | B2: A0A0H3VB35_PLAF7 | C2: cNBP | D2: 0.035665669 | E2: 3 | F2: 3 | G2: 0 | H2: 42 | J2: 4959.9888 | K2: 4234.2393 | L2: 2206.6177 | M2: 3355.2551 | N2: 6417.2451 | O2: 10353.453 | R2: 7223.0361 | S2: 7560.084 | T2: 9933.6533 | Y2: 7389.1616 | Z2: 7344.3296 | AA2: 4489.9292 | AB2: 4919.2534
A3: A0A140KXU9 | B3: A0A140KXU9_PLAF7 | C3: PF3D7_API00100 | D3: 0.027707096 | E3: 5 | F3: 1 | G3: 5 | H3: 42 | I3: 18810.365 | J3: 18616.502 | K3: 15297.423 | L3: 3506.1841 | M3: 6446.9907 | N3: 3337.0569 | O3: 15556.361 | P3: 11581.687 | Q3: 16144.59 | R3: 28084.488 | S3: 23124.348 | T3: 19808.41 | U3: 1252.6899 | W3: 482.46631 | X3: 1577.2607 | Y3: 2451.499 | Z3: 2351.3228 | AA3: 1544.9885 | AB3: 1422.4211 | AC3: 1627.8962
A4: A0A140KXV7;Q25812 | B4: A0A140KXV7_PLAF7;Q25812_PLAF7 | C4: PF3D7_API02000;rpl14 | D4: 0.056099497 | E4: 5 | F4: 0 | G4: 5 | H4: 22 | I4: 21131.691 | J4: 26418.982 | K4: 17857.543 | L4: 4572.9756 | M4: 7807.0127 | N4: 3017.783 | O4: 13332.086 | P4: 9244.3379 | Q4: 11945.857 | R4: 23949.709 | S4: 23097.379 | T4: 20370.477 | W4: 1345.2841 | X4: 1400.1738 | Y4: 1968.0339 | AA4: 1459.6736 | AC4: 1690.085
A5: A0A140KXV8;Q25813 | B5: A0A140KXV8_PLAF7;Q25813_PLAF7 | C5: PF3D7_API02100;rps8 | D5: 0.031476997 | E5: 2 | F5: 0 | G5: 2 | H5: 26 | I5: 6258.248 | J5: 8496.0977 | K5: 6065.8804 | L5: 1312.2844 | M5: 1760.2369 | N5: 524.57477 | O5: 2087.3452 | P5: 2951.8276 | Q5: 2865.2754 | R5: 10091.922 | S5: 10043.606 | T5: 8517.2686 | AA5: 658.35028 | AB5: 334.03467
A6: A0A140KXW0;Q25815 | B6: A0A140KXW0_PLAF7;Q25815_PLAF7 | C6: PF3D7_API02300;rps5 | D6: 0.054606367 | E6: 9 | F6: 0 | G6: 9 | H6: 52 | I6: 18730.588 | J6: 21210.125 | K6: 18743.676 | L6: 7074.3496 | M6: 8322.4258 | N6: 4678.1787 | O6: 16973.248 | P6: 17821.76 | Q6: 17268.596 | R6: 22605.201 | S6: 24021.879 | T6: 19300.688 | W6: 2693.5757 | X6: 469.24304 | Y6: 1306.6527 | Z6: 1089.5593 | AC6: 2903.613
A7: A0A140KXW8 | B7: A0A140KXW8_PLAF7 | C7: PF3D7_API03500 | D7: 0.017489422 | E7: 3 | F7: 1 | G7: 2 | H7: 27 | I7: 8421.0693 | J7: 10737.054 | K7: 10179.279 | M7: 1854.7683 | N7: 1126.0527 | O7: 12454.565 | P7: 11276.992 | Q7: 13495.083 | R7: 19553.809 | S7: 24706.789 | T7: 17662.773 | X7: 1196.2562 | Y7: 1413.7538 | Z7: 1569.9254 | AA7: 1808.3816 | AB7: 1183.3757 | AC7: 2129.4907
A8: A0A140KXW9;Q25823 | B8: A0A140KXW9_PLAF7;Q25823_PLAF7 | C8: Clp;PF3D7_API03600 | D8: 0.0066955495 | E8: 24 | F8: 0 | G8: 24 | H8: 128 | I8: 30222.82 | J8: 36621.93 | K8: 26262.35 | L8: 4722.7739 | M8: 4936.2061 | N8: 3890.5767 | O8: 34932.492 | P8: 34603.613 | Q8: 36003.508 | R8: 56015.293 | S8: 56413.473 | T8: 52207.086 | U8: 1644.9805 | V8: 4029.0859 | W8: 829.92694 | X8: 3004.877 | Y8: 4914.7642 | Z8: 5391.2563 | AA8: 3099.5916 | AB8: 3120.8823 | AC8: 3407.4839
A9: A0A143ZUM0 | B9: A0A143ZUM0_PLAF7 | C9: PF3D7_0107800 | D9: 0.0023384974 | E9: 38 | F9: 38 | G9: 0 | H9: 165 | I9: 30582.117 | J9: 35951.734 | K9: 27500.057 | L9: 27821.645 | M9: 31797.869 | N9: 20665.604 | O9: 45499.824 | P9: 53497.891 | Q9: 46450.129 | R9: 41996.691 | S9: 43972.234 | T9: 37018.629 | X9: 2300.6165 | Y9: 4079.637 | Z9: 4109.6362 | AA9: 4059.0144 | AB9: 4109.1147 | AC9: 3183.8591
A10: A0A143ZV68 | B10: A0A143ZV68_PLAF7 | C10: PF3D7_0314200 | D10: 0.070716888 | E10: 2 | F10: 2 | G10: 0 | H10: 218 | I10: 3513.3838 | K10: 2730.0242 | L10: 2484.5542 | O10: 4175.9663 | P10: 3331.7683 | R10: 3044.2166 | S10: 4846.1826 | T10: 2643.999 | Z10: 2542.9233
A11: A0A143ZVA6;C0H4G3 | B11: A0A143ZVA6_PLAF7;C0H4G3_PLAF7 | C11: PF3D7_0526200.1;PF3D7_0526200.2 | D11: 0.00043308793 | E11: 28 | F11: 0 | G11: 28 | H11: 81 | I11: 28454.027 | J11: 31756.482 | K11: 25264.775 | L11: 6436.7983 | M11: 6649.1333 | N11: 4985.4663 | O11: 46418.863 | P11: 53892.266 | Q11: 41487.695 | R11: 81175.68 | S11: 90234.344 | T11: 73794.281 | U11: 2170.9495 | V11: 2238.1248 | W11: 2019.3412 | X11: 17081.006 | Y11: 25572.205 | Z11: 27945.715 | AA11: 14059.308 | AB11: 9472.3564 | AC11: 15976.684
A12: A0A143ZVB5;C6KT86 | B12: A0A143ZVB5_PLAF7;C6KT86_PLAF7 | C12: PF3D7_0625000.1;PF3D7_0625000.2 | D12: 0.021341464 | E12: 3 | F12: 0 | G12: 3 | H12: 47 | I12: 999.02588 | J12: 2079.5625 | K12: 1219.7877 | O12: 6675.939 | P12: 5668.2056 | Q12: 5780.7808 | R12: 2879.3066 | S12: 5533.2056 | T12: 5609.3374 | X12: 552.43066
A13: A0A143ZVB6 | B13: A0A143ZVB6_PLAF7 | C13: PF3D7_0903600.1 | D13: 0.00043308793 | E13: 44 | F13: 44 | G13: 0 | H13: 146 | I13: 53117.094 | J13: 59393.727 | K13: 42583.238 | L13: 21152.193 | M13: 23598.785 | N13: 19127.609 | O13: 151647.3 | P13: 171691.31 | Q13: 133694.7 | R13: 253586.97 | S13: 293413.91 | T13: 240945.5 | U13: 18632.229 | V13: 17766.836 | W13: 15212.34 | X13: 33204.676 | Y13: 40014.145 | Z13: 48266.043 | AA13: 41457.77 | AB13: 27759.236 | AC13: 35923.695
A14: A0A143ZVC5;Q8I2L0 | B14: A0A143ZVC5_PLAF7;Q8I2L0_PLAF7 | C14: PF3D7_0930400.1;PF3D7_0930400.2 | D14: 0.001894657 | E14: 38 | F14: 0 | G14: 38 | H14: 147 | I14: 41475.004 | J14: 48625.023 | K14: 38127.883 | L14: 28930.434 | M14: 33358.484 | N14: 23869.914 | O14: 44138.699 | P14: 47232.488 | Q14: 47477.855 | R14: 48721.305 | S14: 50977.953 | T14: 46358.191 | U14: 3638.646 | V14: 2878.3809 | W14: 1345.8887 | X14: 6753.9722 | Y14: 11187.489 | Z14: 10373.952 | AA14: 8666.5781 | AB14: 5520.0776 | AC14: 8192.8193
A15: A0A143ZVD1;A0A143ZXH0 | B15: A0A143ZVD1_PLAF7;A0A143ZXH0_PLAF7 | C15: PF3D7_1351800.1;PF3D7_1351800.2 | D15: 0.044307198 | E15: 4 | F15: 0 | G15: 4 | H15: 32 | I15: 6775.6001 | J15: 5999.7773 | K15: 4786.6274 | L15: 2080.3757 | N15: 1642.9185 | O15: 44005.391 | P15: 42519.801 | Q15: 35554.047 | R15: 11352.65 | S15: 12763.244 | T15: 9041.6602 | V15: 1243.4404 | X15: 2994.4197 | Y15: 5294.3145 | Z15: 4374.667 | AA15: 2449.8142 | AB15: 1326.9647 | AC15: 4229.2568
A16: A0A143ZVJ7 | B16: A0A143ZVJ7_PLAF7 | C16: PF3D7_0717600 | D16: 0.00043308793 | E16: 41 | F16: 41 | G16: 0 | H16: 174 | I16: 33470.855 | J16: 38440.75 | K16: 27244.031 | L16: 23064.188 | M16: 28854.936 | N16: 18734.408 | O16: 40359.539 | P16: 48517.289 | Q16: 40087.176 | R16: 45031.875 | S16: 47730.426 | T16: 38344.496 | U16: 4555.5483 | V16: 5725.3853 | W16: 2832.9668 | X16: 5942.3618 | Y16: 7409.4287 | Z16: 8070.6211 | AA16: 5467.4072 | AB16: 4316.6084 | AC16: 6162.6489
A17: A0A143ZVJ8 | B17: A0A143ZVJ8_PLAF7 | C17: PF3D7_0719500 | D17: 0.062438384 | E17: 15 | F17: 15 | G17: 0 | H17: 57 | I17: 24930.35 | J17: 28334.225 | K17: 21589.613 | L17: 11728.721 | M17: 15318.313 | N17: 8700.1152 | O17: 30149.854 | P17: 40638.492 | Q17: 29293.438 | R17: 45183.809 | S17: 45764.98 | T17: 39473.805 | U17: 785.50708 | W17: 1296.8777 | X17: 1512.9047 | Y17: 3378.3887 | Z17: 3761.6467 | AA17: 4286.0981 | AB17: 3073.6411 | AC17: 4779.5571
A18: A0A143ZVL3 | B18: A0A143ZVL3_PLAF7 | C18: PF3D7_0805900 | D18: 0.054319024 | E18: 4 | F18: 4 | G18: 0 | H18: 41 | I18: 3409.0852 | J18: 6448.1724 | K18: 4315.668 | L18: 804.00006 | O18: 2781.3489 | P18: 4916.3452 | Q18: 3158.698 | R18: 9686.1777 | S18: 8639.6152 | T18: 7132.3516 | W18: 768.48181 | X18: 1347.4725 | Y18: 2534.4519 | Z18: 2587.4973 | AA18: 4095.4556 | AB18: 2364.7917 | AC18: 3761.6689
A19: A0A143ZVL6 | B19: A0A143ZVL6_PLAF7 | C19: PF3D7_0806700 | D19: 0.09483204 | E19: 34 | F19: 34 | G19: 0 | H19: 331 | I19: 6807.2144 | J19: 8730.4268 | K19: 6728.5322 | L19: 8492.0635 | M19: 9008.2656 | N19: 6840.1777 | O19: 9957.666 | P19: 11780.377 | Q19: 7388.5073 | R19: 8312.6885 | S19: 9873.0879 | T19: 8410.3125 | X19: 723.13135 | Y19: 1890.0227
A20: A0A143ZVM1 | B20: A0A143ZVM1_PLAF7 | C20: PF3D7_0831600 | D20: 0.00043308793 | E20: 68 | F20: 64 | G20: 4 | H20: 211 | I20: 795494 | J20: 897191.38 | K20: 701822.62 | L20: 119175.41 | M20: 148887.02 | N20: 98943.352 | O20: 763703.25 | P20: 735845.69 | Q20: 743532.38 | R20: 740233.88 | S20: 764204.81 | T20: 662212.44 | U20: 29110.973 | V20: 31931.713 | W20: 20784.236 | X20: 41175.125 | Y20: 61715.773 | Z20: 63064.617 | AA20: 30089.535 | AB20: 24078.58 | AC20: 35585.691
A21: A0A143ZVW7 | B21: A0A143ZVW7_PLAF7 | C21: PF3D7_0704300 | D21: 0.00043308793 | E21: 88 | F21: 88 | G21: 0 | H21: 291 | I21: 217882.44 | J21: 248531.11 | K21: 193418.08 | L21: 113071.15 | M21: 140425.09 | N21: 97259 | O21: 380651.94 | P21: 467518.25 | Q21: 352759.84 | R21: 443230.19 | S21: 473910.88 | T21: 406571.06 | U21: 14600.043 | V21: 13494.035 | W21: 10220.843 | X21: 78705.078 | Y21: 100120.94 | Z21: 112272.04 | AA21: 82105.047 | AB21: 60468.133 | AC21: 89043.156
A22: A0A143ZVX7 | B22: A0A143ZVX7_PLAF7 | C22: PF3D7_0717000 | D22: 0.039754536 | E22: 2 | F22: 2 | G22: 0 | H22: 20 | I22: 4005.0991 | J22: 6773.7358 | K22: 5299.0015 | M22: 1068.4341 | O22: 24282.252 | P22: 32417.062 | Q22: 26347.191 | R22: 25888.73 | S22: 31567.52 | T22: 26311.85 | X22: 1288.0149 | Y22: 2287.7134 | Z22: 3553.449 | AA22: 6223.4438 | AB22: 3185.4094 | AC22: 6087.8521
A23: A0A143ZW02 | B23: A0A143ZW02_PLAF7 | C23: PF3D7_0831500 | D23: 0.024298057 | E23: 2 | F23: 2 | G23: 0 | H23: 55 | I23: 3485.8296 | R23: 6063.48 | S23: 7167.7056 | T23: 5983.519 | AC23: 2172.3711
A24: A0A143ZW87;Q9U0J7 | B24: A0A143ZW87_PLAF7;Q9U0J7_PLAF7 | C24: PF3D7_0408900.1;PF3D7_0408900.2 | D24: 0.047430828 | E24: 3 | F24: 0 | G24: 3 | H24: 104 | I24: 2692.2129 | J24: 5049.4888 | K24: 3690.6562 | L24: 467.77423 | M24: 1039.1121 | O24: 6956.7832 | P24: 8401.418 | Q24: 5891.7979 | R24: 4670.6919 | S24: 5755.9497 | T24: 4640.3315 | AA24: 1248.2703 | AC24: 1034.6775
A25: A0A143ZW95 | B25: A0A143ZW95_PLAF7 | C25: PF3D7_0608310 | D25: 0.035519999 | E25: 14 | F25: 14 | G25: 0 | H25: 64 | I25: 3150.0725 | J25: 3161.2644 | K25: 3045.6985 | O25: 16576.889 | P25: 20069.396 | Q25: 16937.932 | R25: 6397.0615 | S25: 6900.7856 | T25: 5550.8857 | V25: 760.04651 | X25: 1375.1403 | Y25: 1532.7849 | Z25: 1709.5444 | AA25: 1889.7573 | AB25: 1654.5002 | AC25: 1944.2146
A26: A0A143ZWA3;C0H519 | B26: A0A143ZWA3_PLAF7;C0H519_PLAF7 | C26: PF3D7_0905700.1;PF3D7_0905700.2 | D26: 0.0065383217 | E26: 9 | F26: 0 | G26: 9 | H26: 35 | I26: 8149.769 | J26: 9280.3115 | K26: 6655.7065 | L26: 4860.5933 | M26: 7585.6973 | N26: 3893.7058 | O26: 13543.862 | P26: 24420.779 | Q26: 17965.58 | R26: 14292.413 | S26: 14130.754 | T26: 13798.528 | U26: 1410.4312 | V26: 1587.8048 | X26: 3568.2114 | Y26: 5634.9287 | Z26: 5409.2241 | AA26: 6410.1309 | AB26: 4961.6719 | AC26: 5748.6006
A27: A0A143ZWD4 | B27: A0A143ZWD4_PLAF7 | C27: PF3D7_0700800 | D27: 0.05371248 | E27: 7 | F27: 2 | G27: 5 | H27: 30 | I27: 21443.436 | J27: 23154.297 | K27: 15054.104 | L27: 7043.8682 | M27: 10146.969 | N27: 5019.2524 | O27: 38337.988 | P27: 43676.031 | Q27: 32952.52 | R27: 39198.25 | S27: 42067.789 | T27: 36483.773 | U27: 1313.5017 | W27: 524.15436 | X27: 3086.5977 | Y27: 4169.3774 | Z27: 6617.9976 | AA27: 6731.2861 | AB27: 3858.7656 | AC27: 6105.3428
A28: A0A143ZWE7 | B28: A0A143ZWE7_PLAF7 | C28: PF3D7_0710400 | D28: 0.0032993401 | E28: 9 | F28: 9 | G28: 0 | H28: 58 | I28: 11090.962 | J28: 14452.883 | K28: 10858.507 | L28: 4728.5469 | M28: 5870.8335 | N28: 3608.0547 | O28: 16037.475 | P28: 15672.546 | Q28: 11386.812 | R28: 14769.514 | S28: 15805.168 | T28: 11945.828 | X28: 1546.9104 | Y28: 2702.7625 | Z28: 1575.2157 | AA28: 3568.6599 | AB28: 1936.2383 | AC28: 2407.9365
A29: A0A143ZWE8 | B29: A0A143ZWE8_PLAF7 | C29: PF3D7_0203700 | D29: 0.00043308793 | E29: 11 | F29: 11 | G29: 0 | H29: 41 | I29: 33578.188 | J29: 36295.848 | K29: 24966.74 | L29: 6482.0063 | M29: 8070.4106 | N29: 4836.4575 | O29: 46765.59 | P29: 49438.918 | Q29: 44069.707 | R29: 43831.379 | S29: 44615.66 | T29: 40197.438 | U29: 4739.6143 | V29: 5174.0508 | W29: 2879.9414 | X29: 8102.3145 | Y29: 11109.447 | Z29: 11465.28 | AA29: 10201.422 | AB29: 5365.4683 | AC29: 9610.7559
A30: A0A143ZWF7 | B30: A0A143ZWF7_PLAF7 | C30: PF3D7_0720900 | D30: 0.020530973 | E30: 5 | F30: 5 | G30: 0 | H30: 46 | I30: 4580.2715 | J30: 3104.3245 | K30: 7818.332 | L30: 2576.7236 | M30: 5795.7983 | O30: 43651.879 | P30: 43619.652 | Q30: 46093.324 | R30: 12798.092 | S30: 19029.439 | T30: 18543.234 | W30: 4127.2788 | X30: 5541.7539 | Y30: 7281.8813 | Z30: 5111.335 | AA30: 5472.0161 | AB30: 5933.3208 | AC30: 3821.3594
A31: A0A143ZWH6;O96152 | B31: A0A143ZWH6_PLAF7;O96152_PLAF7 | C31: PF3D7_0205700.1;PF3D7_0205700.2 | D31: 0.039844509 | E31: 5 | F31: 0 | G31: 5 | H31: 35 | I31: 6261.4946 | J31: 7899.0161 | K31: 5513.8521 | L31: 1781.2736 | M31: 1898.8407 | N31: 1735.6971 | O31: 11966.705 | P31: 10742.432 | Q31: 11312.882 | R31: 19373.43 | S31: 18805.285 | T31: 17314.844 | U31: 437.16425 | X31: 2488.7234 | Y31: 2600.9128 | Z31: 4763.5342 | AA31: 1928.2068 | AB31: 3734.2515 | AC31: 2589.5676
A32: A0A143ZWH7 | B32: A0A143ZWH7_PLAF7 | C32: PF3D7_0806900 | D32: 0.014206128 | E32: 2 | F32: 2 | G32: 0 | H32: 57 | I32: 1901.0347 | J32: 1722.6172 | K32: 856.74988 | O32: 2096.1409 | P32: 3853.8345 | R32: 1321.0636 | S32: 1092.0692 | T32: 1959.1586 | AA32: 1021.8293
A33: A0A143ZWJ6 | B33: A0A143ZWJ6_PLAF7 | C33: PF3D7_1304200.1 | D33: 0.00043308793 | E33: 26 | F33: 0 | G33: 26 | H33: 66 | I33: 127156.72 | J33: 153182.66 | K33: 120446.88 | L33: 43627.023 | M33: 51373.887 | N33: 34014.336 | O33: 141826.69 | P33: 157148.47 | Q33: 131783.8 | R33: 212684.48 | S33: 221601.52 | T33: 199462.69 | U33: 4285.5547 | V33: 4050.6123 | W33: 2790.5388 | X33: 5887.022 | Y33: 8126.8799 | Z33: 6187.9209 | AA33: 5709.4238 | AB33: 3511.6719 | AC33: 5875.3101
A34: A0A143ZWS9 | B34: A0A143ZWS9_PLAF7 | C34: PF3D7_0810700 | D34: 0.00043308793 | E34: 4 | F34: 4 | G34: 0 | H34: 22 | I34: 12735.938 | J34: 17708.604 | K34: 16047.9 | L34: 5562.3394 | M34: 6516.6626 | N34: 4110.0923 | O34: 22141.307 | P34: 24898.523 | Q34: 26606.648 | R34: 39534.836 | S34: 39362.906 | T34: 33556.07 | U34: 3113.1223 | V34: 2528.3445 | W34: 2542.3962 | X34: 7213.3159 | Y34: 9766.9297 | Z34: 10096.853 | AA34: 18801.764 | AB34: 11847.899 | AC34: 18304.084
A35: A0A143ZWT2 | B35: A0A143ZWT2_PLAF7 | C35: PF3D7_0216300 | D35: 0.00031979533 | E35: 10 | F35: 10 | G35: 0 | H35: 200 | I35: 3680.262 | J35: 3942.957 | K35: 3549.8762 | L35: 2046.7205 | M35: 3010.0376 | N35: 2060.9185 | O35: 4368.6704 | P35: 5788.1875 | Q35: 4079.5229 | R35: 4411.4727 | S35: 4679.2627 | T35: 4428.6616
A36: A0A143ZWT9;A0A146M1Y0 | B36: A0A143ZWT9_PLAF7;A0A146M1Y0_PLAF7 | C36: PF3D7_0832200.1;PF3D7_0832200.2 | D36: 0.0063163214 | E36: 2 | F36: 0 | G36: 2 | H36: 38
A37: A0A143ZX23 | B37: A0A143ZX23_PLAF7 | C37: PF3D7_0314100.1 | D37: 0.0014947683 | E37: 9 | F37: 6 | G37: 3 | H37: 38 | I37: 24802.748 | J37: 29121.527 | K37: 21146.377 | L37: 3670.8406 | M37: 4672.1743 | N37: 3392.0371 | O37: 32712.045 | P37: 34390.562 | Q37: 29533.84 | R37: 46370.199 | S37: 55738.914 | T37: 40344.266 | U37: 2002.7776 | V37: 2865.9951 | W37: 1258.342 | X37: 2713.1208 | Y37: 5170.8862 | Z37: 4295.7842 | AA37: 5396.5874 | AB37: 4332.2568 | AC37: 6292.6313
A38: A0A143ZXB4 | B38: A0A143ZXB4_PLAF7 | C38: PF3D7_0729600.1 | D38: 0.0029188558 | E38: 10 | F38: 10 | G38: 0 | H38: 38 | I38: 8256.9062 | J38: 9009.1455 | K38: 4998.2202 | L38: 2359.6582 | M38: 1955.3824 | N38: 1100.7355 | O38: 12106.563 | P38: 11641.508 | Q38: 11981.139 | R38: 33312.285 | S38: 32459.613 | T38: 32683.039 | U38: 2689.5962 | V38: 2960.5811 | W38: 2190.3088 | X38: 16753.219 | Y38: 26742.215 | Z38: 28093.527 | AA38: 20853.082 | AB38: 13172.885 | AC38: 21115.664
A39: A0A143ZXB9 | B39: A0A143ZXB9_PLAF7 | C39: PF3D7_0109950 | D39: 0.016489659 | E39: 5 | F39: 5 | G39: 0 | H39: 23 | I39: 18241.693 | J39: 27576.814 | K39: 19034.307 | L39: 3101.99 | O39: 41756.887 | P39: 44849.875 | Q39: 38251.941 | R39: 63364.812 | S39: 79301.664 | T39: 58927.02 | U39: 3738.0117 | V39: 3261.6677 | W39: 3707.4365 | X39: 16939.533 | Y39: 21145.857 | Z39: 22485.836 | AA39: 42198.098 | AB39: 27970.16 | AC39: 35852.105
A40: A0A143ZXD4 | B40: A0A143ZXD4_PLAF7 | C40: PF3D7_0812200 | D40: 0.066190183 | E40: 12 | F40: 12 | G40: 0 | H40: 73 | I40: 13363.937 | J40: 14422.082 | K40: 12548.954 | L40: 2823.8818 | M40: 746.65527 | N40: 1508.0499 | O40: 14992.562 | P40: 14331.843 | Q40: 14693.245 | R40: 15036.579 | S40: 15208.058 | T40: 14397.662 | U40: 802.62341 | V40: 280.50793 | X40: 1904.8097 | Y40: 2295.3752 | Z40: 2205.0728 | AA40: 1189.1384 | AB40: 1223.4192 | AC40: 1063.4224
A41: A0A143ZXE1 | B41: A0A143ZXE1_PLAF7 | C41: PF3D7_0529400.1 | D41: 0.00043308793 | E41: 61 | F41: 4 | G41: 57 | H41: 241 | I41: 39819.633 | J41: 46370.066 | K41: 34288.188 | L41: 23283.914 | M41: 32149.664 | N41: 19148.412 | O41: 55527.43 | P41: 68825.398 | Q41: 51803.727 | R41: 61575.68 | S41: 63933.586 | T41: 54101.633 | U41: 5881.1797 | V41: 6430.0098 | W41: 5005.7222 | X41: 17601.074 | Y41: 23490.965 | Z41: 26052.453 | AA41: 17466.033 | AB41: 13716.769 | AC41: 17859.359
A42: A0A143ZXE4;Q8IJ28 | B42: A0A143ZXE4_PLAF7;Q8IJ28_PLAF7 | C42: PF3D7_1038000.1;PF3D7_1038000.2 | D42: 0.00043308793 | E42: 5 | F42: 0 | G42: 5 | H42: 13 | I42: 2547193.8 | J42: 2581485.8 | K42: 2213983.5 | L42: 540151.69 | M42: 648821.81 | N42: 443254.44 | O42: 1686279.1 | P42: 1084283.1 | Q42: 1667951.2 | R42: 2349984.8 | S42: 2191653.2 | T42: 2491557.2 | U42: 433521.44 | V42: 455685.06 | W42: 281273.25 | X42: 630287.38 | Y42: 931187.62 | Z42: 858922.5 | AA42: 1072631.4 | AB42: 806106.38 | AC42: 1022155.1
A43: A0A143ZXE7;A0A143ZZ50;Q8IJP3 | B43: A0A143ZXE7_PLAF7;A0A143ZZ50_PLAF7;Q8IJP3_PLAF7 | C43: PF3D7_1015200.1;PF3D7_1015200.2;PF3D7_1015200.3 | D43: 0.0016680567 | E43: 28 | F43: 0 | G43: 28 | H43: 103 | I43: 8635.1328 | J43: 11053.47 | K43: 9017.3799 | L43: 5965.5649 | M43: 5319.2563 | N43: 3297.2717 | O43: 257314.95 | P43: 258747.19 | Q43: 237902.34 | R43: 22396.719 | S43: 21887.893 | T43: 18594.947 | U43: 1729.7014 | V43: 1514.7386 | W43: 635.1828 | X43: 13775.108 | Y43: 19042.664 | Z43: 22387.012 | AA43: 9853.8105 | AB43: 6658.4414 | AC43: 9238.3984
A44: A0A143ZXG1 | B44: A0A143ZXG1_PLAF7 | C44: PF3D7_0929700 | D44: 0.00043308793 | E44: 14 | F44: 14 | G44: 0 | H44: 54 | I44: 14991.527 | J44: 19755.268 | K44: 17524.863 | L44: 5777.8091 | M44: 4390.7407 | N44: 3393.4888 | O44: 32317.461 | P44: 28590.221 | Q44: 22121.822 | R44: 35488.934 | S44: 39349.711 | T44: 30476.164 | U44: 3989.6777 | V44: 4813.2129 | W44: 3142.6731 | X44: 5362.3052 | Y44: 7404.7539 | Z44: 8757.1162 | AA44: 7365.3384 | AB44: 4810.4829 | AC44: 7598.1714
A45: A0A143ZXG9;A0A143ZZS2 | B45: A0A143ZXG9_PLAF7;A0A143ZZS2_PLAF7 | C45: PF3D7_1019500.1;PF3D7_1019500.2 | D45: 0.00043308793 | E45: 32 | F45: 0 | G45: 32 | H45: 145 | I45: 32544.17 | J45: 39200.051 | K45: 26695.514 | L45: 7218.7031 | M45: 9489.5957 | N45: 5387.8394 | O45: 35353.285 | P45: 38658.145 | Q45: 34219.125 | R45: 52689.488 | S45: 55483.223 | T45: 47147.102 | U45: 2201.3296 | V45: 2318.0034 | W45: 1850.566 | X45: 2704.9717 | Y45: 2904.4858 | Z45: 3085.7878 | AA45: 3499.2239 | AB45: 3078.8516 | AC45: 4228.3071
A46: A0A143ZXJ2 | B46: A0A143ZXJ2_PLAF7 | C46: PF3D7_0706100 | D46: 0.0092857145 | E46: 35 | F46: 35 | G46: 0 | H46: 245 | I46: 18919.371 | J46: 20836.111 | K46: 16232.393 | L46: 5117.062 | M46: 5352.0225 | N46: 3143.3909 | O46: 24542.83 | P46: 25721.85 | Q46: 25344.123 | R46: 42121.48 | S46: 43247.238 | T46: 34383.992 | U46: 3039.9512 | X46: 5032.9453 | Y46: 6338.7715 | Z46: 8471.9326 | AA46: 10753.297 | AB46: 8322.8838 | AC46: 10970.922
A47: A0A143ZXM1 | B47: A0A143ZXM1_PLAF7 | C47: PF3D7_0806100 | D47: 0.083202511 | E47: 11 | F47: 11 | G47: 0 | H47: 85 | I47: 11570.821 | J47: 12491.823 | K47: 8925.3369 | L47: 5546.9556 | M47: 10314.815 | N47: 5536.6968 | O47: 13549.121 | P47: 15589.713 | Q47: 11710.441 | R47: 14204.288 | S47: 18585.318 | T47: 13547.695 | X47: 1343.1825 | Y47: 1975.8014 | Z47: 4263.2681 | AA47: 1302.9189 | AB47: 338.81201 | AC47: 1275.6702
A48: A0A143ZXM2 | B48: A0A143ZXM2_PLAF7 | C48: PF3D7_1021800 | D48: 0.00043308793 | E48: 53 | F48: 52 | G48: 1 | H48: 275 | I48: 26185.107 | J48: 33980.914 | K48: 25467.342 | L48: 19534.529 | M48: 26283.25 | N48: 14722.835 | O48: 30168.775 | P48: 33685.52 | Q48: 29717.736 | R48: 60421.938 | S48: 65437.555 | T48: 54477.613 | U48: 9468.5781 | V48: 10352.368 | W48: 7541.938 | X48: 13986.189 | Y48: 19921.646 | Z48: 22811.84 | AA48: 17226.025 | AB48: 12164.156 | AC48: 18919.529
A49: A0A143ZXR3 | B49: A0A143ZXR3_PLAF7 | C49: PF3D7_1110700 | D49: 0.00043308793 | E49: 15 | F49: 15 | G49: 0 | H49: 45 | I49: 5431.9883 | J49: 5834.7773 | K49: 5039.3755 | L49: 2829.1414 | M49: 1967.7117 | N49: 2028.6327 | O49: 68931.344 | P49: 73063.898 | Q49: 67706.742 | R49: 38153.289 | S49: 41855.527 | T49: 34110.879 | U49: 1517.6313 | V49: 1641.0996 | W49: 2170.0068 | X49: 6049.2881 | Y49: 7931.8462 | Z49: 8317.0059 | AA49: 9823.0908 | AB49: 7735.1436 | AC49: 9901.625
A50: A0A143ZXT2;Q8IJC7 | B50: A0A143ZXT2_PLAF7;Q8IJC7_PLAF7 | C50: PF3D7_1027700.1;PF3D7_1027700.2 | D50: 0.00043308793 | E50: 13 | F50: 0 | G50: 13 | H50: 35 | I50: 18369.064 | J50: 21548.914 | K50: 16120.551 | L50: 4436.7183 | M50: 4686.8584 | N50: 4443.2534 | O50: 46128.578 | P50: 40653.691 | Q50: 43902.105 | R50: 25641.984 | S50: 29986.352 | T50: 22249.383 | U50: 3056.0195 | V50: 2287.8669 | W50: 1957.5773 | X50: 11309.267 | Y50: 13738.984 | Z50: 19368.025 | AA50: 8096.6943 | AB50: 7699.8696 | AC50: 11570.441
A51: A0A143ZXT6 | B51: A0A143ZXT6_PLAF7 | C51: PF3D7_1031400.1 | D51: 0.0084291184 | E51: 35 | F51: 1 | G51: 34 | H51: 114 | I51: 86407.508 | J51: 106512.88 | K51: 83916.078 | L51: 34427.145 | M51: 44195.25 | N51: 29004.852 | O51: 114626.09 | P51: 134351.97 | Q51: 110552.2 | R51: 199211.27 | S51: 204058.89 | T51: 172659.52 | U51: 8209.6016 | V51: 8353.5547 | W51: 2712.511 | X51: 16943.104 | Y51: 22626.797 | Z51: 22408.062 | AA51: 13246.332 | AB51: 11714.079 | AC51: 17752.287
A52: A0A143ZY29 | B52: A0A143ZY29_PLAF7 | C52: PF3D7_1005500 | D52: 0.0016680567 | E52: 54 | F52: 54 | G52: 0 | H52: 209 | I52: 36114.227 | J52: 40687.047 | K52: 31961.604 | L52: 41042.855 | M52: 52460.145 | N52: 32614.59 | O52: 61215.625 | P52: 68013.195 | Q52: 52643.703 | R52: 54770.93 | S52: 54498.863 | T52: 44897.262 | U52: 2451.2014 | V52: 2643.2375 | W52: 2348.3381 | X52: 6962.3726 | Y52: 10095.812 | Z52: 9797.2441 | AA52: 5258.9624 | AB52: 3973.8875 | AC52: 4494.665
A53: A0A143ZY32;O96129 | B53: A0A143ZY32_PLAF7;O96129_PLAF7 | C53: PF3D7_0202600.1;PF3D7_0202600.2 | D53: 0.070254594 | E53: 23 | F53: 0 | G53: 23 | H53: 193 | I53: 6125.7812 | J53: 7393.3574 | K53: 5644.4688 | L53: 4397.748 | M53: 4947.1274 | N53: 3145.5505 | O53: 9115.0732 | P53: 9475.4658 | Q53: 9502.8613 | R53: 11507.789 | S53: 11674.556 | T53: 9575.4365 | V53: 752.70215 | W53: 1492.5994 | X53: 2428.8362 | Y53: 2108.6057 | Z53: 2094.1987 | AA53: 1419.526 | AB53: 1314.1886 | AC53: 2198.1628
A54: A0A143ZY62 | B54: A0A143ZY62_PLAF7 | C54: PF3D7_0703900 | D54: 0.00043308793 | E54: 122 | F54: 122 | G54: 0 | H54: 612 | I54: 52020.742 | J54: 60437.508 | K54: 44963.062 | L54: 43544.328 | M54: 56394.496 | N54: 36631.477 | O54: 66811.812 | P54: 75962.031 | Q54: 63827.215 | R54: 76924.906 | S54: 84383.945 | T54: 68867.852 | U54: 6348.4341 | V54: 6786.8115 | W54: 4681.9678 | X54: 7968.1445 | Y54: 9843.7715 | Z54: 10520.891 | AA54: 9634.8203 | AB54: 7128.2065 | AC54: 9552.1064
A55: A0A143ZY63 | B55: A0A143ZY63_PLAF7 | C55: PF3D7_1009600 | D55: 0.0012573345 | E55: 6 | F55: 6 | G55: 0 | H55: 68 | I55: 7702.3472 | J55: 8500.9844 | K55: 7532.1719 | M55: 6992.6084 | N55: 3503.3044 | O55: 12885.033 | P55: 16466.529 | Q55: 11669.336 | R55: 25821.881 | S55: 24357.527 | T55: 18378.938 | U55: 2576.5745 | V55: 2025.7848 | W55: 1605.303 | X55: 6192.8452 | Y55: 6007.9521 | Z55: 6500.4053 | AA55: 6430.3267 | AB55: 4836.9375 | AC55: 5565.9126
A56: A0A143ZY73 | B56: A0A143ZY73_PLAF7 | C56: PF3D7_0716400 | D56: 0.00043308793 | E56: 8 | F56: 8 | G56: 0 | H56: 25 | I56: 37693.59 | J56: 35543.402 | K56: 29863.646 | L56: 19837.297 | M56: 21784.592 | N56: 11960.961 | O56: 66887.305 | P56: 48298.426 | Q56: 56490.422 | R56: 76184.211 | S56: 69516.711 | T56: 73915.805 | U56: 25517.516 | V56: 26864.725 | W56: 13871.469 | X56: 41593.773 | Y56: 52482.844 | Z56: 53526.469 | AA56: 33772.352 | AB56: 32170.367 | AC56: 49516.004
A57: A0A143ZY93 | B57: A0A143ZY93_PLAF7 | C57: PF3D7_0805600 | D57: 0.024841292 | E57: 7 | F57: 7 | G57: 0 | H57: 23 | I57: 26879.855 | J57: 30314.857 | K57: 23532.75 | L57: 4424.3496 | M57: 7278.2026 | N57: 4574.7695 | O57: 64681.328 | P57: 89273.383 | Q57: 61848.281 | R57: 136110.59 | S57: 136088.45 | T57: 115900.9 | U57: 15163.619 | V57: 17471.971 | W57: 9694.1777 | X57: 29479.277 | Y57: 40884.285 | Z57: 45966.941 | AA57: 65747.695 | AB57: 43687.66 | AC57: 72198.211
A58: A0A143ZYA4 | B58: A0A143ZYA4_PLAF7 | C58: PF3D7_0818600 | D58: 0.0027982702 | E58: 3 | F58: 3 | G58: 0 | H58: 45 | O58: 2708.1448 | P58: 3636.9204 | Q58: 2474.8301 | S58: 2753.3721
A59: A0A143ZYA5 | B59: A0A143ZYA5_PLAF7 | C59: PF3D7_1025900 | D59: 0.061386138 | E59: 8 | F59: 8 | G59: 0 | H59: 177 | I59: 5192.3906 | J59: 6159.1685 | K59: 5756.1255 | L59: 3566.1628 | M59: 5197.957 | N59: 3884.9587 | O59: 10191.457 | P59: 12417.385 | Q59: 7313.2871 | R59: 20163.215 | S59: 13697.024 | T59: 13591.001 | W59: 667.09052 | X59: 3102.4678 | Y59: 3588.6816 | Z59: 4112.0205 | AA59: 2496.2236 | AB59: 2985.063 | AC59: 2634.9067
A60: A0A143ZYA8 | B60: A0A143ZYA8_PLAF7 | C60: PF3D7_1110100 | D60: 0.00043308793 | E60: 24 | F60: 24 | G60: 0 | H60: 94 | I60: 680633.12 | J60: 755821.38 | K60: 574377.44 | L60: 419807.25 | M60: 528275.5 | N60: 352567.41 | O60: 529070.75 | P60: 601757.94 | Q60: 511717.09 | R60: 587419.62 | S60: 602573.25 | T60: 530306.44 | U60: 7508.6445 | V60: 7956.771 | W60: 6187.6357 | X60: 11626.809 | Y60: 15646.985 | Z60: 15688.304 | AA60: 13184.97 | AB60: 11442.393 | AC60: 16169.191
A61: A0A143ZYC4 | B61: A0A143ZYC4_PLAF7 | C61: PF3D7_1129500 | D61: 0.00043308793 | E61: 29 | F61: 29 | G61: 0 | H61: 99 | I61: 34880.285 | J61: 37091.793 | K61: 32781.5 | L61: 16999.689 | M61: 18840.139 | N61: 14314.722 | O61: 39714.641 | P61: 38998.832 | Q61: 37897.078 | R61: 50023.738 | S61: 52694.871 | T61: 45022.359 | V61: 1971.2324 | W61: 1330.4567 | X61: 5968.6885 | Y61: 7900.6777 | Z61: 8023.4121 | AA61: 7124.7349 | AB61: 6568.3896 | AC61: 8597.3242
A62: A0A143ZYC7 | B62: A0A143ZYC7_PLAF7 | C62: PF3D7_0221700 | D62: 0.00043308793 | E62: 13 | F62: 7 | G62: 6 | H62: 74 | I62: 31561.98 | J62: 40756.098 | K62: 28005.963 | L62: 9875.5254 | M62: 9609.7129 | N62: 5672.3145 | O62: 37546.25 | P62: 41040.512 | Q62: 34689.254 | R62: 107270.3 | S62: 114127.97 | T62: 95272.094 | U62: 30043.809 | V62: 25305.457 | W62: 20977.586 | X62: 31455.279 | Y62: 43380.078 | Z62: 37857.852 | AA62: 24824.291 | AB62: 18871.678 | AC62: 29833.68
A63: A0A143ZYI9 | B63: A0A143ZYI9_PLAF7 | C63: PF3D7_1135500 | D63: 0.088649943 | E63: 3 | F63: 3 | G63: 0 | H63: 58 | I63: 2718.0483 | J63: 3474.863 | K63: 1285.5448 | L63: 783.05945 | M63: 1317.1674 | O63: 3741.1189 | P63: 3098.5073 | Q63: 1035.4331 | R63: 3344.8723 | S63: 3553.3745 | T63: 3765.1145
A64: A0A143ZYJ4 | B64: A0A143ZYJ4_PLAF7 | C64: PF3D7_1034800 | D64: 0.010634527 | E64: 7 | F64: 7 | G64: 0 | H64: 59 | I64: 7177.5234 | J64: 15600.69 | K64: 9834.5039 | L64: 4201.3882 | M64: 1373.6145 | O64: 19786.424 | P64: 21642.799 | Q64: 13934.956 | R64: 20172.834 | S64: 23421.434 | T64: 14616.4 | U64: 3105.3452 | V64: 1689.0957 | X64: 2044.8265 | Y64: 3633.1543 | Z64: 4772.3516 | AA64: 3964.8093 | AB64: 3559.1577 | AC64: 3974.4653
A65: A0A143ZYK0 | B65: A0A143ZYK0_PLAF7 | C65: PF3D7_0217400 | D65: 0.013969336 | E65: 3 | F65: 3 | G65: 0 | H65: 24 | I65: 10726.556 | J65: 11581.671 | K65: 6065.9629 | L65: 2411.3386 | O65: 13703.824 | P65: 16537.818 | Q65: 12085.251 | R65: 26109.322 | S65: 28339.686 | T65: 20816.922 | V65: 1224.8995 | X65: 2905.5769 | Y65: 3949.4609 | Z65: 3633.1956 | AA65: 4546.3735 | AB65: 3039.5762 | AC65: 4359.2383
A66: A0A143ZYK6 | B66: A0A143ZYK6_PLAF7 | C66: PF3D7_1114100.2 | D66: 0.0014736222 | E66: 3 | F66: 1 | G66: 2 | H66: 20 | I66: 7050.6689 | J66: 8728.9414 | K66: 5898.5024 | L66: 1967.5378 | M66: 2088.5623 | O66: 36613.473 | P66: 39235.727 | Q66: 31001.301 | R66: 22007.883 | S66: 25477.488 | T66: 22443.955 | U66: 1175.9847 | V66: 1800.1179 | X66: 3117.853 | Y66: 5447.3926 | Z66: 6167.9233 | AA66: 14536.952 | AB66: 8484.9795 | AC66: 15325.401
A67: A0A143ZYL5 | B67: A0A143ZYL5_PLAF7 | C67: PF3D7_1036900 | D67: 0.00043308793 | E67: 73 | F67: 73 | G67: 0 | H67: 189 | I67: 510537.91 | J67: 598740.19 | K67: 455460.75 | L67: 292103.06 | M67: 361860.72 | N67: 235882.3 | O67: 647073.69 | P67: 801763.25 | Q67: 586401.44 | R67: 890315.69 | S67: 915561.44 | T67: 799098.44 | U67: 31841.314 | V67: 30809.701 | W67: 23252.445 | X67: 217061.56 | Y67: 286009.66 | Z67: 300785.69 | AA67: 249666.62 | AB67: 190698.39 | AC67: 271507.28
A68: A0A143ZYQ2 | B68: A0A143ZYQ2_PLAF7 | C68: PF3D7_1119200 | D68: 0.00043308793 | E68: 7 | F68: 7 | G68: 0 | H68: 21 | I68: 55486.742 | J68: 60365.633 | K68: 48093.375 | L68: 20568.83 | M68: 22009.773 | N68: 15411.794 | O68: 91908.336 | P68: 113490.48 | Q68: 82229.141 | R68: 229864.92 | S68: 231339.84 | T68: 198969.75 | U68: 5630.5884 | V68: 8202.208 | W68: 5342.4131 | X68: 46598.812 | Y68: 78718.242 | Z68: 79067.859 | AA68: 107595.73 | AB68: 78522.758 | AC68: 127004.36
A69: A0A143ZYR7;Q8IJB4 | B69: A0A143ZYR7_PLAF7;Q8IJB4_PLAF7 | C69: PF3D7_1029100.1;PF3D7_1029100.2 | D69: 0.064541213 | E69: 2 | F69: 0 | G69: 2 | H69: 201 | I69: 3224.196 | J69: 953.12463 | K69: 1382.8352 | M69: 998.1438 | N69: 208.36287 | O69: 1853.8854 | P69: 3693.8293 | Q69: 3752.417 | R69: 2512.5286 | S69: 2879.3567 | T69: 3246.4561
A70: A0A143ZYU5 | B70: A0A143ZYU5_PLAF7 | C70: PF3D7_1124200 | D70: 0.030435976 | E70: 16 | F70: 16 | G70: 0 | H70: 55 | I70: 4406.2773 | J70: 4438.7949 | K70: 5140.6904 | L70: 4547.125 | M70: 2835.906 | N70: 1710.9756 | O70: 18119.621 | P70: 24780.648 | Q70: 18978.141 | R70: 23773.029 | S70: 21015.816 | T70: 17855.828 | V70: 2127.8474 | W70: 1858.9106 | X70: 3606.4624 | Y70: 5660.9336 | Z70: 7027.6338 | AA70: 7348.5527 | AB70: 4732.9087 | AC70: 6452.208
A71: A0A143ZYV4 | B71: A0A143ZYV4_PLAF7 | C71: PF3D7_1145600 | D71: 0.093340188 | E71: 8 | F71: 8 | G71: 0 | H71: 77 | I71: 13910.89 | J71: 14857.303 | K71: 13097.539 | L71: 2681.3008 | M71: 3164.3171 | O71: 14289.122 | P71: 16737.811 | Q71: 11504.908 | R71: 26421.965 | S71: 27643.289 | T71: 21833.156 | U71: 3347.2651 | AA71: 3954.832
A72: A0A143ZYV5 | B72: A0A143ZYV5_PLAF7 | C72: PF3D7_1125200 | D72: 0.00043308793 | E72: 10 | F72: 10 | G72: 0 | H72: 34 | I72: 24189.523 | J72: 28347.486 | K72: 21385.383 | L72: 6151.5776 | M72: 5194.4727 | N72: 4365.6045 | O72: 39648.469 | P72: 43584.73 | Q72: 35591.391 | R72: 45868.996 | S72: 53930.984 | T72: 44828.887 | U72: 4321.1421 | V72: 3299.7107 | W72: 2809.2087 | X72: 6617.7217 | Y72: 8863.7773 | Z72: 9441.2041 | AA72: 19571.248 | AB72: 13342.641 | AC72: 17267.492
A73: A0A143ZYW1 | B73: A0A143ZYW1_PLAF7 | C73: PF3D7_1128900 | D73: 0.00043308793 | E73: 13 | F73: 13 | G73: 0 | H73: 84 | I73: 15696.004 | J73: 18515.482 | K73: 15052.26 | L73: 15802.382 | M73: 18318.463 | N73: 12141.799 | O73: 26154.58 | P73: 31566.908 | Q73: 22984.213 | R73: 27346.945 | S73: 29161.344 | T73: 26524.465 | U73: 2268.9941 | V73: 2741.9705 | W73: 2100.9473 | X73: 6978.2671 | Y73: 10307.845 | Z73: 10454.233 | AA73: 5730.4595 | AB73: 3377.5818 | AC73: 5642.6357
A74: A0A143ZYZ7 | B74: A0A143ZYZ7_PLAF7 | C74: PF3D7_1037000 | D74: 0.018857611 | E74: 5 | F74: 5 | G74: 0 | H74: 357 | I74: 2478.6621 | J74: 3630.1843 | K74: 3136.1177 | L74: 1425.2371 | M74: 2663.9827 | N74: 1714.3252 | O74: 5698.873 | P74: 6636.0693 | Q74: 4389.9546 | R74: 3560.3354 | S74: 4192.2988 | T74: 2715.6055 | AA74: 1927.1714
A75: A0A143ZZC6 | B75: A0A143ZZC6_PLAF7 | C75: PF3D7_1111600 | D75: 0.018774157 | E75: 13 | F75: 13 | G75: 0 | H75: 120 | I75: 11920.891 | J75: 11581.884 | K75: 9750.4941 | L75: 6607.9194 | M75: 6331.8901 | N75: 5563.6562 | O75: 12593.437 | P75: 15428.158 | Q75: 12843.895 | R75: 15177.762 | S75: 15867.452 | T75: 13393.113 | V75: 3047.4629 | Y75: 3593.3479 | Z75: 4863.5332 | AA75: 5161.7622 | AB75: 4249.9004 | AC75: 2453.509
A76: A0A143ZZE4 | B76: A0A143ZZE4_PLAF7 | C76: PF3D7_1126300.1 | D76: 0.00043308793 | E76: 19 | F76: 19 | G76: 0 | H76: 94 | I76: 18732.348 | J76: 21033.559 | K76: 17953.053 | L76: 14527.844 | M76: 21309.646 | N76: 13256.274 | O76: 26973.047 | P76: 31575.193 | Q76: 23202.176 | R76: 26342.742 | S76: 29548.82 | T76: 22549.914 | U76: 1035.1483 | V76: 1818.1034 | W76: 933.07312 | X76: 3996.166 | Y76: 6451.4844 | Z76: 6397.5469 | AA76: 3900.9097 | AB76: 3200.8987 | AC76: 4736.1367
A77: A0A143ZZH9 | B77: A0A143ZZH9_PLAF7 | C77: PF3D7_1144100 | D77: 0.012537613 | E77: 2 | F77: 2 | G77: 0 | H77: 28 | I77: 1792.0474 | J77: 981.25647 | K77: 1228.2021 | O77: 1622.3895 | P77: 1494.6389 | R77: 1125.8246 | S77: 2028.4231 | T77: 1451.2281
A78: A0A143ZZK9 | B78: ATP4_PLAF7 | C78: ATP4 | D78: 0.00043308793 | E78: 68 | F78: 68 | G78: 0 | H78: 157 | I78: 46036 | J78: 51588.02 | K78: 40120.008 | L78: 21116.633 | M78: 25631.832 | N78: 16445.33 | O78: 181959.06 | P78: 200279.58 | Q78: 174868.84 | R78: 109900.92 | S78: 117688.45 | T78: 99759.555 | U78: 6895.9873 | V78: 7345.4604 | W78: 5574.5425 | X78: 20963.531 | Y78: 28015.412 | Z78: 31687.359 | AA78: 26634.533 | AB78: 18812.879 | AC78: 28624.914
A79: A0A143ZZL4 | B79: A0A143ZZL4_PLAF7 | C79: PF3D7_1205300 | D79: 0.00043308793 | E79: 12 | F79: 12 | G79: 0 | H79: 62 | I79: 53408.707 | J79: 57840.047 | K79: 46392.344 | L79: 6723.7964 | M79: 6417.0762 | N79: 3194.7705 | O79: 47026.953 | P79: 50327.629 | Q79: 44451.008 | R79: 83480.312 | S79: 83967.438 | T79: 75927.227 | U79: 3482.6587 | V79: 2967.7646 | W79: 1369.0518 | X79: 4702.0952 | Y79: 7117.8521 | Z79: 6632.9512 | AA79: 8308.4893 | AB79: 5579.0234 | AC79: 8162.3516
A80: A0A143ZZM5 | B80: A0A143ZZM5_PLAF7 | C80: PF3D7_1206300 | D80: 0.028133634 | E80: 2 | F80: 2 | G80: 0 | H80: 361 | I80: 3438.9084 | J80: 1544.9597 | N80: 1620.8135 | P80: 1505.7834 | Q80: 2602.9824 | R80: 3741.3142 | Y80: 4423.147 | AA80: 1379.7518
A81: A0A143ZZN7 | B81: A0A143ZZN7_PLAF7 | C81: PF3D7_1106300 | D81: 0.0018593121 | E81: 9 | F81: 9 | G81: 0 | H81: 83 | I81: 6459.2729 | J81: 5889.252 | K81: 6230.416 | L81: 2422.9033 | M81: 3485.134 | N81: 2805.1985 | O81: 8457.1787 | P81: 9796.5439 | Q81: 9801.2383 | R81: 9632.4961 | S81: 10788.64 | T81: 7959.3232 | X81: 1392.922 | Y81: 2613.4729
A82: A0A143ZZP8;C0H526 | B82: A0A143ZZP8_PLAF7;C0H526_PLAF7 | C82: PF3D7_0908300.1;PF3D7_0908300.2 | D82: 0.00043308793 | E82: 4 | F82: 0 | G82: 4 | H82: 23 | I82: 40991.891 | J82: 49954.75 | K82: 36758.148 | L82: 20865.291 | M82: 30730.771 | N82: 19708.488 | O82: 57608.027 | P82: 73018.328 | Q82: 44471.77 | R82: 94308.273 | S82: 107611.72 | T82: 83171.258 | U82: 5056.9619 | V82: 6542.7729 | W82: 5115.709 | X82: 7350.0312 | Y82: 8936.4004 | Z82: 9605.9121 | AA82: 22155.279 | AB82: 16113.225 | AC82: 26963.898
A83: A0A143ZZR4 | B83: A0A143ZZR4_PLAF7 | C83: PF3D7_1036700 | D83: 0.020624302 | E83: 3 | F83: 3 | G83: 0 | H83: 33 | I83: 1879.0569 | J83: 2399.0293 | L83: 953.9436 | M83: 1636.4102 | N83: 870.52319 | O83: 8414.5068 | P83: 8838.2617 | Q83: 7883.3564 | R83: 8087.7476 | S83: 9664.8555 | T83: 7739.8008 | X83: 2565.6694 | Y83: 5131.7227 | Z83: 5442.9731 | AA83: 4001.6836 | AB83: 3004.3584 | AC83: 4744.5391
A84: A0A143ZZT8 | B84: A0A143ZZT8_PLAF7 | C84: PF3D7_0715300 | D84: 0.00043308793 | E84: 16 | F84: 16 | G84: 0 | H84: 55 | I84: 14821.281 | J84: 16773.934 | K84: 14753.186 | L84: 8280.0312 | M84: 9041.8789 | N84: 5846.9497 | O84: 30999.424 | P84: 31838.236 | Q84: 25601.219 | R84: 37786.316 | S84: 43851.328 | T84: 38649.863 | U84: 3978.0798 | V84: 4622.8726 | W84: 2803.0273 | X84: 5338.1294 | Y84: 8611.8916 | Z84: 9479.5703 | AA84: 6911.6514 | AB84: 5107.3901 | AC84: 7493.9814
A85: A0A143ZZU2 | B85: A0A143ZZU2_PLAF7 | C85: PF3D7_1021400 | D85: 0.00043308793 | E85: 16 | F85: 16 | G85: 0 | H85: 54 | I85: 107720.48 | J85: 123377.95 | K85: 97443.805 | L85: 19087.951 | M85: 23275.037 | N85: 15271.793 | O85: 186908.72 | P85: 246593.48 | Q85: 173070.2 | R85: 348570.97 | S85: 346201.69 | T85: 319398.22 | U85: 6498.7119 | V85: 7799.7764 | W85: 5900.269 | X85: 23408.295 | Y85: 34414.285 | Z85: 32590.016 | AA85: 50390.488 | AB85: 33795.805 | AC85: 51638.375
A86: A0A143ZZU6 | B86: A0A143ZZU6_PLAF7 | C86: PF3D7_1112900 | D86: 0.055340745 | E86: 2 | F86: 2 | G86: 0 | H86: 69 | I86: 1296.3469 | J86: 2489.5886 | K86: 1457.1406 | O86: 916.77631 | R86: 2709.865 | T86: 4331.5483 | Y86: 516.47839 | Z86: 605.60132 | AC86: 1109.2997
A87: A0A143ZZV5 | B87: A0A143ZZV5_PLAF7 | C87: PF3D7_0804500 | D87: 0.00043308793 | E87: 226 | F87: 225 | G87: 1 | H87: 775 | I87: 95285.078 | J87: 109441.9 | K87: 83925.406 | L87: 85330.586 | M87: 103433.56 | N87: 67633.242 | O87: 118111.74 | P87: 138326.02 | Q87: 109434.75 | R87: 138062.77 | S87: 145576.22 | T87: 124708.8 | U87: 4988.2534 | V87: 5497.8462 | W87: 3868.4868 | X87: 6599.8032 | Y87: 9922.5234 | Z87: 8958.6113 | AA87: 5793.2104 | AB87: 4332.3623 | AC87: 6072.8804
A88: A0A143ZZW7 | B88: A0A143ZZW7_PLAF7 | C88: PF3D7_0812220 | D88: 0.0047690016 | E88: 7 | F88: 7 | G88: 0 | H88: 56 | I88: 2271.9976 | J88: 1965.5511 | K88: 1957.8151 | L88: 1296.5898 | N88: 650.99591 | O88: 3547.6912 | P88: 3759.2256 | Q88: 2486.4998 | R88: 12166.207 | S88: 12359.496 | T88: 9328.0645 | X88: 1794.0411 | Y88: 2809.8188 | Z88: 3547.0095 | AA88: 3579.9177 | AB88: 2733.0713 | AC88: 3646.3855
A89: A0A143ZZY9;Q8IIV5 | B89: A0A143ZZY9_PLAF7;Q8IIV5_PLAF7 | C89: PF3D7_1104700.1;PF3D7_1104700.2 | D89: 0.00066225167 | E89: 6 | F89: 0 | G89: 6 | H89: 28 | I89: 16160.584 | J89: 20332.049 | K89: 15730.616 | O89: 23711.369 | P89: 28735.648 | Q89: 29714.41 | R89: 27105.502 | S89: 36639.289 | T89: 33339.379 | U89: 2697.377 | V89: 1008.3002 | X89: 4548.5249 | Y89: 7699.3081 | Z89: 6837.3486 | AA89: 4189.8027 | AB89: 1622.243 | AC89: 1186.7092
A90: A0A144A060 | B90: A0A144A060_PLAF7 | C90: PF3D7_1202500 | D90: 0.037216827 | E90: 4 | F90: 4 | G90: 0 | H90: 172 | I90: 4036.8716 | J90: 6030.772 | K90: 4039.8867 | L90: 1160.493 | O90: 5147.2754 | P90: 7320.188 | Q90: 4142.7026 | R90: 6580.4873 | S90: 11113.137 | T90: 6949.3364 | Y90: 1445.2946 | Z90: 1034.9708 | AA90: 918.7132 | AC90: 1290.382
A91: A0A144A0A3 | B91: A0A144A0A3_PLAF7 | C91: PF3D7_1230000 | D91: 0.00043308793 | E91: 57 | F91: 57 | G91: 0 | H91: 271 | I91: 27885.188 | J91: 32202.643 | K91: 25737.547 | L91: 19780.77 | M91: 24175.334 | N91: 14503.767 | O91: 35120.465 | P91: 40670.359 | Q91: 32580.311 | R91: 35105.195 | S91: 37761.562 | T91: 31335.025 | U91: 2337.9785 | V91: 2335.2446 | W91: 1919.5084 | X91: 2414.7368 | Y91: 3975.2483 | Z91: 3840.6138 | AA91: 4733.6167 | AB91: 3212.8201 | AC91: 3356.8164
A92: A0A144A0C0 | B92: A0A144A0C0_PLAF7 | C92: PF3D7_1237600 | D92: 0.00043308793 | E92: 18 | F92: 18 | G92: 0 | H92: 50 | I92: 49150.211 | J92: 59642.637 | K92: 45292.734 | L92: 8271.5283 | M92: 11179.804 | N92: 7109.2778 | O92: 61751.57 | P92: 66721.734 | Q92: 57602.188 | R92: 61657.051 | S92: 64480.383 | T92: 55914.145 | U92: 2845.8418 | V92: 4033.0435 | W92: 2793.9333 | X92: 4980.8608 | Y92: 6179.166 | Z92: 5241.6479 | AA92: 5855.3599 | AB92: 4006.8696 | AC92: 5589.7612
A93: A0A144A0F5;Q8IHN2 | B93: A0A144A0F5_PLAF7;Q8IHN2_PLAF7 | C93: PF3D7_1149100.1;PF3D7_1149100.2 | D93: 0.001826484 | E93: 6 | F93: 0 | G93: 6 | H93: 78 | I93: 2742.0762 | J93: 5052.7935 | K93: 3283.4719 | L93: 1434.4247 | M93: 2719.0405 | N93: 2082.5962 | O93: 12860.592 | P93: 16559.482 | Q93: 11797.729 | R93: 7515.7686 | S93: 7911.4302 | T93: 6926.2241 | X93: 2236.3152 | Y93: 3473.9023 | Z93: 2721.865 | AA93: 2262.616 | AB93: 3215.5537 | AC93: 2868.825
A94: A0A144A0I2 | B94: A0A144A0I2_PLAF7 | C94: PF3D7_1238000 | D94: 0.02247191 | E94: 3 | F94: 3 | G94: 0 | H94: 13 | I94: 17342.23 | J94: 14491.023 | K94: 9221.8379 | L94: 4247.5083 | M94: 5427.1152 | N94: 3269.6904 | O94: 48582.68 | P94: 56891.465 | Q94: 36404.273 | R94: 27515.438 | S94: 28000.562 | T94: 16862.881 | X94: 1016.9674 | Y94: 2752.387 | Z94: 4781.978 | AA94: 1681.3394 | AB94: 1563.0493 | AC94: 1696.4413
A95: A0A144A0J9 | B95: A0A144A0J9_PLAF7 | C95: PF3D7_1202600 | D95: 0.00043308793 | E95: 75 | F95: 75 | G95: 0 | H95: 366 | I95: 69401.164 | J95: 75364.367 | K95: 61460.312 | L95: 22380.725 | M95: 27726.551 | N95: 18274.631 | O95: 100454.48 | P95: 111927.9 | Q95: 91591.25 | R95: 85448.477 | S95: 88286.789 | T95: 75760.852 | U95: 3185.3345 | V95: 3604.3718 | W95: 2486.1477 | X95: 9460.9268 | Y95: 11261.685 | Z95: 11887.128 | AA95: 7902.1777 | AB95: 6408.2549 | AC95: 9586.0625
A96: A0A144A0N0 | B96: A0A144A0N0_PLAF7 | C96: PF3D7_1243500 | D96: 0.00043308793 | E96: 14 | F96: 14 | G96: 0 | H96: 41 | I96: 109017.3 | J96: 115460.48 | K96: 96617.406 | L96: 32354.754 | M96: 41860.387 | N96: 29567.492 | O96: 261003.69 | P96: 295076 | Q96: 207583.14 | R96: 660589.88 | S96: 769785.69 | T96: 582826.19 | U96: 36044.598 | V96: 35680.383 | W96: 22337.893 | X96: 198251 | Y96: 273294.56 | Z96: 299351.91 | AA96: 208059.3 | AB96: 155483.8 | AC96: 225325.45
A97: A0A144A0T0 | B97: A0A144A0T0_PLAF7 | C97: PF3D7_1247000.2 | D97: 0.0033092659 | E97: 21 | F97: 1 | G97: 20 | H97: 72 | I97: 13946.168 | J97: 15893.764 | K97: 13488.477 | L97: 2434.5095 | M97: 2414.1714 | N97: 2152.2615 | O97: 13993.263 | P97: 16736.949 | Q97: 12744.175 | R97: 23609.979 | S97: 25105.447 | T97: 21688.287 | U97: 9269.9062 | V97: 11026.227 | W97: 7201.813 | X97: 9058.6846 | Y97: 12847.8 | Z97: 14492.033 | AA97: 20385.051 | AB97: 13543.822 | AC97: 20389.881
A98: A0A144A0T9 | B98: A0A144A0T9_PLAF7 | C98: PF3D7_1116900 | D98: 0.032815631 | E98: 2 | F98: 2 | G98: 0 | H98: 28 | K98: 567.02112 | O98: 12108.213 | P98: 16187.665 | Q98: 15631.784 | AB98: 765.82208
A99: A0A144A0U1 | B99: A0A144A0U1_PLAF7 | C99: PF3D7_1249600 | D99: 0.0050289161 | E99: 5 | F99: 5 | G99: 0 | H99: 121 | I99: 2793.5999 | J99: 2763.1882 | K99: 1146.2991 | L99: 2032.2573 | M99: 1500.6044 | N99: 1522.0673 | O99: 5644.0952 | P99: 4419.0098 | Q99: 3961.3623 | R99: 2220.177 | S99: 2406.23 | T99: 3907.5669 | V99: 633.53729 | X99: 999.5177 | Y99: 1209.359 | Z99: 1288.934 | AB99: 1223.5396
A100: A0A144A0U7 | B100: A0A144A0U7_PLAF7 | C100: PF3D7_1213900 | D100: 0.00043308793 | E100: 47 | F100: 47 | G100: 0 | H100: 135 | I100: 101955.98 | J100: 115282.57 | K100: 92353.727 | L100: 70657.781 | M100: 86678.867 | N100: 56890.867 | O100: 121520.55 | P100: 148359.14 | Q100: 118488.32 | R100: 128454.02 | S100: 138327.05 | T100: 120505.38 | U100: 5621.1611 | V100: 5433.4419 | W100: 3811.4226 | X100: 8538.374 | Y100: 12622.469 | Z100: 13309.126 | AA100: 10646.05 | AB100: 8395.2969 | AC100: 11018.149
...
